-- MariaDB dump 10.17  Distrib 10.4.15-MariaDB, for Linux (x86_64)
--
-- Host: mysql.hostinger.ro    Database: u574849695_20
-- ------------------------------------------------------
-- Server version	10.4.15-MariaDB-cll-lve

/*!40101 SET @OLD_CHARACTER_SET_CLIENT=@@CHARACTER_SET_CLIENT */;
/*!40101 SET @OLD_CHARACTER_SET_RESULTS=@@CHARACTER_SET_RESULTS */;
/*!40101 SET @OLD_COLLATION_CONNECTION=@@COLLATION_CONNECTION */;
/*!40101 SET NAMES utf8mb4 */;
/*!40103 SET @OLD_TIME_ZONE=@@TIME_ZONE */;
/*!40103 SET TIME_ZONE='+00:00' */;
/*!40014 SET @OLD_UNIQUE_CHECKS=@@UNIQUE_CHECKS, UNIQUE_CHECKS=0 */;
/*!40014 SET @OLD_FOREIGN_KEY_CHECKS=@@FOREIGN_KEY_CHECKS, FOREIGN_KEY_CHECKS=0 */;
/*!40101 SET @OLD_SQL_MODE=@@SQL_MODE, SQL_MODE='NO_AUTO_VALUE_ON_ZERO' */;
/*!40111 SET @OLD_SQL_NOTES=@@SQL_NOTES, SQL_NOTES=0 */;

--
-- Table structure for table `communities`
--

DROP TABLE IF EXISTS `communities`;
/*!40101 SET @saved_cs_client     = @@character_set_client */;
/*!40101 SET character_set_client = utf8 */;
CREATE TABLE `communities` (
  `id` bigint(20) unsigned NOT NULL AUTO_INCREMENT,
  `name` varchar(145) COLLATE utf8mb4_unicode_ci NOT NULL,
  `description` varchar(245) COLLATE utf8mb4_unicode_ci DEFAULT NULL,
  `admin_id` bigint(20) unsigned NOT NULL,
  PRIMARY KEY (`id`),
  KEY `fk_communities_users_admin_idx` (`admin_id`),
  CONSTRAINT `fk_communities_users` FOREIGN KEY (`admin_id`) REFERENCES `users` (`id`)
) ENGINE=InnoDB AUTO_INCREMENT=21 DEFAULT CHARSET=utf8mb4 COLLATE=utf8mb4_unicode_ci;
/*!40101 SET character_set_client = @saved_cs_client */;

--
-- Dumping data for table `communities`
--

LOCK TABLES `communities` WRITE;
/*!40000 ALTER TABLE `communities` DISABLE KEYS */;
INSERT INTO `communities` VALUES (1,'pariatur','Eligendi cupiditate optio est voluptatem. Assumenda aut veritatis quod et debitis illum. Est sed consequuntur saepe reprehenderit labore. Commodi dolorum consequatur voluptas maxime nam ut qui cupiditate.',69),(2,'dolorum','At id asperiores blanditiis doloremque rerum. Ut aliquam commodi veniam aut eligendi aut in. Animi tempore sed quas veniam sit minima.',47),(3,'quam','Repellat officiis accusamus repudiandae accusantium. Dolorem aut debitis similique odio quasi. Eius autem velit aut sequi.',73),(4,'reprehenderit','Quasi labore dignissimos temporibus in consequuntur asperiores fugiat. Sint natus nesciunt odit rerum. Earum ducimus distinctio quas nisi consectetur.',60),(5,'hic','Quis eligendi et hic. Magni sint id sapiente. Id sint esse est repudiandae aperiam. Voluptas quia molestiae vel at optio dignissimos.',74),(6,'omnis','Enim quidem tenetur maxime beatae expedita blanditiis vel. Perferendis voluptatem delectus laboriosam ipsum excepturi. Et aliquid illo ea et saepe suscipit consequatur cupiditate.',1),(7,'necessitatibus','Alias vel tenetur omnis consequuntur quia fugit. Adipisci enim commodi assumenda repellat libero. Adipisci aspernatur totam repudiandae aperiam quia beatae. Ea molestiae sed sed eaque quam fugiat nostrum maiores.',32),(8,'cum','Dolor aut nobis suscipit ea. Numquam repudiandae sed velit vel et et. Delectus quae nesciunt minus pariatur.',64),(9,'pariatur','Aut illum aut iste veritatis natus doloremque. Soluta delectus dolores soluta magni. Id ut laborum repudiandae consequuntur. Alias ipsam ut et saepe.',62),(10,'omnis','Sint porro dolores quidem nobis. Tenetur reiciendis qui voluptas. Soluta ab accusamus occaecati ut qui dicta nihil. Aut enim magnam eum unde incidunt.',14),(11,'illum','Similique ut enim qui modi sed sit dolor. Sunt dolor ea explicabo sunt dolores eligendi velit. Rerum odit laboriosam explicabo accusamus consectetur magni.',53),(12,'et','Ut sed harum praesentium cum numquam provident eveniet. Nam ut eos aperiam ab dolor quod incidunt. Quae veniam repudiandae nostrum dolorum. Rerum aut facilis consequatur quidem deserunt placeat quis optio. Vitae ea saepe ut.',53),(13,'ea','Repellendus debitis voluptas ut quis sit sequi fugiat exercitationem. Ratione et expedita quod nemo sunt magni. Tempora fugiat aliquid omnis et neque ratione.',87),(14,'quibusdam','Et labore dolores accusantium esse nulla error. Vel aut at quo molestiae quidem nobis. Aperiam id placeat quia.',12),(15,'cupiditate','Itaque illum reprehenderit qui et. Qui aut architecto sapiente. Iusto perferendis qui itaque enim nihil velit ex. Eaque aut nostrum quas autem nobis. Exercitationem eaque tempore pariatur odio debitis quis autem ad.',40),(16,'necessitatibus','Veritatis quia architecto iusto et. Est exercitationem asperiores pariatur assumenda et dolor dignissimos. Voluptas et omnis nihil autem vitae reprehenderit explicabo. Unde alias esse fuga voluptatem id.',44),(17,'vitae','Atque porro officiis illo voluptate voluptates consequatur. Ut consequatur rerum et commodi perferendis sint voluptas. Quos quaerat nesciunt soluta ut quo.',89),(18,'assumenda','Alias dolor quibusdam sed dolore. Consequuntur voluptatibus fuga dolorum perspiciatis vitae voluptas.',58),(19,'delectus','Unde officiis quas asperiores. Omnis dignissimos est architecto consequatur error sequi. Amet non veniam explicabo rerum tempora repellendus. Quisquam sunt qui suscipit rerum autem.',80),(20,'expedita','Cupiditate dolores vitae harum et. Et qui eum qui et. Et quasi alias sapiente omnis. Sint occaecati et voluptas natus consequatur rem aliquam.',35);
/*!40000 ALTER TABLE `communities` ENABLE KEYS */;
UNLOCK TABLES;

--
-- Table structure for table `communities_users`
--

DROP TABLE IF EXISTS `communities_users`;
/*!40101 SET @saved_cs_client     = @@character_set_client */;
/*!40101 SET character_set_client = utf8 */;
CREATE TABLE `communities_users` (
  `community_id` bigint(20) unsigned NOT NULL,
  `user_id` bigint(20) unsigned NOT NULL,
  `created_at` datetime NOT NULL DEFAULT current_timestamp(),
  PRIMARY KEY (`community_id`,`user_id`),
  KEY `communities_users_comm_idx` (`community_id`),
  KEY `communities_users_users_idx` (`user_id`),
  CONSTRAINT `fk_communities_users_comm` FOREIGN KEY (`community_id`) REFERENCES `communities` (`id`),
  CONSTRAINT `fk_communities_users_users` FOREIGN KEY (`user_id`) REFERENCES `users` (`id`)
) ENGINE=InnoDB DEFAULT CHARSET=utf8mb4 COLLATE=utf8mb4_unicode_ci;
/*!40101 SET character_set_client = @saved_cs_client */;

--
-- Dumping data for table `communities_users`
--

LOCK TABLES `communities_users` WRITE;
/*!40000 ALTER TABLE `communities_users` DISABLE KEYS */;
INSERT INTO `communities_users` VALUES (1,1,'2019-07-10 02:16:23'),(1,21,'2018-02-22 08:50:58'),(1,41,'2017-09-22 00:24:34'),(1,61,'2015-05-04 08:25:53'),(1,81,'2018-07-06 09:01:12'),(2,2,'2010-01-30 20:25:02'),(2,22,'2019-03-02 21:02:22'),(2,42,'2016-07-05 13:28:44'),(2,62,'2009-08-28 06:47:09'),(2,82,'2018-08-15 21:48:15'),(3,3,'2008-11-05 11:50:12'),(3,23,'2017-04-20 18:37:18'),(3,43,'2015-08-16 15:26:13'),(3,63,'2019-12-12 19:07:50'),(3,83,'2018-10-15 10:30:42'),(4,4,'2011-01-17 19:00:31'),(4,24,'2012-12-13 21:50:08'),(4,44,'2013-02-03 06:21:02'),(4,64,'2019-07-26 21:09:25'),(4,84,'2008-10-02 08:44:08'),(5,5,'2014-05-31 02:09:23'),(5,25,'2017-07-25 00:21:38'),(5,45,'2015-05-28 10:54:48'),(5,65,'2019-12-02 01:37:30'),(5,85,'2016-12-27 08:29:18'),(6,6,'2016-03-30 03:02:25'),(6,26,'2013-07-08 09:45:46'),(6,46,'2017-01-14 09:23:59'),(6,66,'2014-09-16 03:45:51'),(6,86,'2013-01-03 06:43:52'),(7,7,'2014-12-03 05:52:55'),(7,27,'2013-10-19 12:27:42'),(7,47,'2012-06-08 11:50:18'),(7,67,'2014-12-17 20:38:06'),(7,87,'2011-11-11 20:46:10'),(8,8,'2013-10-19 21:12:22'),(8,28,'2014-07-04 11:21:23'),(8,48,'2016-06-04 21:54:17'),(8,68,'2017-02-08 09:35:07'),(8,88,'2014-09-06 10:58:05'),(9,9,'2011-01-26 16:16:04'),(9,29,'2009-08-12 20:53:21'),(9,49,'2010-12-15 21:07:44'),(9,69,'2015-06-13 17:30:37'),(9,89,'2012-04-25 14:36:01'),(10,10,'2019-01-21 21:07:35'),(10,30,'2014-03-21 17:50:58'),(10,50,'2015-10-08 16:00:36'),(10,70,'2013-05-21 00:07:07'),(10,90,'2018-04-07 06:22:10'),(11,11,'2017-05-17 07:25:41'),(11,31,'2013-08-31 17:15:19'),(11,51,'2016-12-08 08:24:20'),(11,71,'2010-07-29 04:17:35'),(11,91,'2011-02-09 12:14:54'),(12,12,'2013-10-30 05:00:12'),(12,32,'2009-11-10 14:27:14'),(12,52,'2017-08-07 00:32:48'),(12,72,'2011-07-31 14:17:04'),(12,92,'2017-02-21 18:08:37'),(13,13,'2019-04-08 20:29:34'),(13,33,'2019-10-22 21:19:41'),(13,53,'2018-05-16 07:07:26'),(13,73,'2020-10-28 06:28:23'),(13,93,'2016-05-31 09:57:43'),(14,14,'2007-05-21 05:14:48'),(14,34,'2010-02-20 11:11:20'),(14,54,'2015-08-01 03:44:36'),(14,74,'2010-03-02 11:15:59'),(14,94,'2013-01-24 19:12:51'),(15,15,'2011-05-21 16:10:29'),(15,35,'2009-04-09 22:02:16'),(15,55,'2013-03-06 14:32:34'),(15,75,'2009-10-27 14:45:33'),(15,95,'2018-10-29 05:00:27'),(16,16,'2015-03-17 16:35:16'),(16,36,'2020-03-03 03:06:32'),(16,56,'2020-09-21 13:32:08'),(16,76,'2013-11-20 13:39:58'),(16,96,'2017-04-29 12:38:21'),(17,17,'2021-01-13 05:26:09'),(17,37,'2013-10-08 11:00:26'),(17,57,'2007-06-27 10:47:25'),(17,77,'2020-06-12 12:07:39'),(17,97,'2010-09-28 14:26:24'),(18,18,'2015-12-27 16:00:02'),(18,38,'2016-01-22 14:17:57'),(18,58,'2008-04-11 05:53:04'),(18,78,'2010-12-21 15:57:59'),(18,98,'2012-10-01 09:53:43'),(19,19,'2012-07-21 23:03:40'),(19,39,'2010-09-11 04:08:44'),(19,59,'2012-09-10 10:53:47'),(19,79,'2012-05-13 07:08:59'),(19,99,'2018-07-27 15:24:47'),(20,20,'2014-11-21 00:05:44'),(20,40,'2009-11-22 04:26:32'),(20,60,'2012-03-03 14:31:07'),(20,80,'2010-11-02 21:38:51'),(20,100,'2014-11-29 06:04:15');
/*!40000 ALTER TABLE `communities_users` ENABLE KEYS */;
UNLOCK TABLES;

--
-- Table structure for table `friend_requests`
--

DROP TABLE IF EXISTS `friend_requests`;
/*!40101 SET @saved_cs_client     = @@character_set_client */;
/*!40101 SET character_set_client = utf8 */;
CREATE TABLE `friend_requests` (
  `from_user_id` bigint(20) unsigned NOT NULL,
  `to_user_id` bigint(20) unsigned NOT NULL,
  `accepted` tinyint(1) DEFAULT 0,
  PRIMARY KEY (`from_user_id`,`to_user_id`),
  KEY `fk_friend_requests_from_user_idx` (`from_user_id`),
  KEY `fk_friend_requests_to_user_idx` (`to_user_id`),
  CONSTRAINT `fk_friend_requests_users_1` FOREIGN KEY (`from_user_id`) REFERENCES `users` (`id`),
  CONSTRAINT `fk_friend_requests_users_2` FOREIGN KEY (`to_user_id`) REFERENCES `users` (`id`)
) ENGINE=InnoDB DEFAULT CHARSET=utf8mb4 COLLATE=utf8mb4_unicode_ci;
/*!40101 SET character_set_client = @saved_cs_client */;

--
-- Dumping data for table `friend_requests`
--

LOCK TABLES `friend_requests` WRITE;
/*!40000 ALTER TABLE `friend_requests` DISABLE KEYS */;
INSERT INTO `friend_requests` VALUES (1,6,1),(1,15,0),(1,36,0),(1,93,0),(2,11,0),(5,23,0),(5,95,1),(7,22,1),(7,28,1),(7,82,0),(8,26,0),(8,77,0),(9,7,1),(9,10,1),(9,34,0),(9,51,1),(9,53,1),(9,65,0),(9,93,0),(10,20,0),(10,80,0),(11,43,0),(11,72,0),(12,51,0),(13,26,0),(13,82,0),(13,86,0),(14,38,0),(14,63,1),(14,87,1),(15,19,1),(15,47,0),(15,67,0),(17,34,0),(18,15,1),(18,41,0),(18,83,1),(20,34,0),(21,61,1),(23,19,0),(24,37,1),(25,3,1),(25,47,0),(25,53,0),(26,28,1),(26,71,0),(26,84,1),(26,100,1),(27,25,0),(27,84,0),(28,18,0),(29,27,1),(29,41,0),(29,80,0),(32,86,0),(32,93,0),(34,7,0),(35,42,1),(35,55,0),(37,71,1),(37,96,0),(37,99,0),(38,6,0),(38,21,0),(38,31,0),(39,68,1),(40,2,1),(40,15,0),(40,78,1),(40,91,1),(41,13,1),(41,85,0),(43,45,0),(44,6,0),(45,53,1),(45,69,1),(45,98,1),(46,48,1),(46,64,1),(47,40,1),(47,64,1),(49,74,1),(50,4,1),(50,20,0),(50,63,0),(50,77,1),(52,42,0),(52,59,0),(52,76,1),(52,80,0),(53,53,1),(54,44,1),(55,10,1),(55,14,1),(55,35,1),(55,50,1),(56,94,1),(57,18,0),(57,46,1),(57,60,0),(57,95,1),(58,48,0),(58,69,0),(58,96,1),(59,53,1),(59,66,0),(59,82,1),(60,12,1),(62,5,0),(62,20,0),(62,36,1),(63,40,0),(63,74,1),(64,18,0),(64,57,0),(64,59,0),(64,74,1),(64,86,1),(65,72,0),(67,93,1),(68,28,1),(68,87,1),(69,42,0),(71,14,0),(71,26,1),(71,43,0),(72,10,0),(72,46,0),(72,89,0),(73,15,0),(74,44,0),(76,67,0),(76,90,0),(77,61,1),(77,92,0),(78,13,0),(78,65,1),(78,76,0),(79,24,1),(79,26,0),(79,27,0),(79,37,0),(80,16,1),(81,25,1),(81,33,1),(82,81,0),(83,59,1),(83,64,1),(84,41,0),(84,66,1),(84,99,0),(85,12,1),(85,22,0),(85,35,1),(85,43,1),(85,66,0),(85,100,0),(87,8,0),(87,36,0),(87,92,1),(87,95,0),(88,52,1),(89,42,0),(89,48,0),(89,72,1),(89,100,0),(90,24,0),(90,64,1),(90,76,1),(90,92,1),(91,47,1),(91,89,1),(91,100,0),(92,2,0),(92,67,0),(92,94,0),(93,60,1),(94,21,1),(94,75,1),(94,90,1),(95,9,1),(95,30,0),(96,56,0),(96,60,0),(97,9,0),(98,15,1),(98,54,0),(98,90,0),(99,16,0),(99,51,0),(99,87,1),(99,93,0),(99,97,1),(100,4,1),(100,19,0),(100,38,1);
/*!40000 ALTER TABLE `friend_requests` ENABLE KEYS */;
UNLOCK TABLES;

--
-- Table structure for table `media`
--

DROP TABLE IF EXISTS `media`;
/*!40101 SET @saved_cs_client     = @@character_set_client */;
/*!40101 SET character_set_client = utf8 */;
CREATE TABLE `media` (
  `id` bigint(20) unsigned NOT NULL AUTO_INCREMENT,
  `user_id` bigint(20) unsigned NOT NULL,
  `media_types_id` int(10) unsigned NOT NULL,
  `file_name` varchar(245) COLLATE utf8mb4_unicode_ci DEFAULT NULL COMMENT '/files/folder/img.png',
  `file_size` bigint(20) DEFAULT NULL,
  `created_at` datetime NOT NULL DEFAULT current_timestamp(),
  PRIMARY KEY (`id`),
  KEY `fk_media_users_idx` (`user_id`),
  KEY `fk_media_media_types` (`media_types_id`),
  CONSTRAINT `fk_media_media_types` FOREIGN KEY (`media_types_id`) REFERENCES `media_types` (`id`),
  CONSTRAINT `fk_media_users` FOREIGN KEY (`user_id`) REFERENCES `users` (`id`)
) ENGINE=InnoDB AUTO_INCREMENT=101 DEFAULT CHARSET=utf8mb4 COLLATE=utf8mb4_unicode_ci;
/*!40101 SET character_set_client = @saved_cs_client */;

--
-- Dumping data for table `media`
--

LOCK TABLES `media` WRITE;
/*!40000 ALTER TABLE `media` DISABLE KEYS */;
INSERT INTO `media` VALUES (1,1,1,'ratione',3991,'2010-03-08 06:52:26'),(2,19,1,'voluptatum',3520,'2012-03-31 16:51:49'),(3,58,2,'maiores',653,'2020-09-29 08:53:38'),(4,55,2,'rerum',682,'2017-09-11 20:26:33'),(5,71,2,'sit',1692,'2008-08-22 16:20:19'),(6,79,3,'eligendi',3801,'2009-06-19 13:28:47'),(7,3,2,'voluptate',1063,'2011-05-31 03:08:30'),(8,17,4,'non',2620,'2008-08-12 02:39:59'),(9,56,3,'quam',1677,'2014-11-20 02:10:34'),(10,83,2,'illo',1580,'2007-05-16 15:57:40'),(11,28,1,'quaerat',1555,'2017-03-24 12:11:14'),(12,9,4,'sapiente',2951,'2016-04-23 05:51:03'),(13,5,3,'nostrum',2965,'2018-05-24 04:44:16'),(14,93,1,'quidem',1088,'2017-04-05 14:03:27'),(15,40,4,'adipisci',1212,'2009-04-16 18:37:15'),(16,62,2,'accusamus',1878,'2016-12-09 18:03:57'),(17,100,4,'enim',3612,'2015-08-16 15:13:32'),(18,48,3,'libero',3829,'2018-07-08 11:15:58'),(19,9,1,'eligendi',1318,'2017-03-01 01:50:17'),(20,84,4,'et',1418,'2015-02-23 17:17:26'),(21,50,3,'ut',844,'2019-12-29 04:43:04'),(22,29,3,'modi',1728,'2015-04-11 23:45:28'),(23,6,2,'accusantium',3197,'2014-12-27 14:58:05'),(24,32,3,'amet',1193,'2009-01-12 06:58:51'),(25,1,1,'sapiente',1740,'2008-07-08 22:19:41'),(26,5,2,'aut',3772,'2017-03-18 11:20:11'),(27,30,1,'necessitatibus',3112,'2010-03-28 15:24:06'),(28,20,2,'et',2630,'2012-06-01 20:31:46'),(29,83,1,'quidem',2978,'2010-11-02 10:13:10'),(30,53,1,'velit',3265,'2013-03-23 14:07:53'),(31,100,1,'itaque',3067,'2008-10-27 21:19:46'),(32,64,4,'nisi',3427,'2012-12-11 04:53:17'),(33,95,1,'a',2252,'2016-01-26 04:23:40'),(34,57,1,'id',3974,'2010-08-12 20:50:56'),(35,14,2,'eveniet',1849,'2019-09-19 09:34:21'),(36,82,3,'corporis',3769,'2009-02-22 10:05:20'),(37,3,1,'labore',1150,'2013-11-02 07:53:09'),(38,16,1,'exercitationem',2522,'2012-07-24 10:17:10'),(39,56,2,'id',786,'2007-12-07 17:03:09'),(40,69,3,'illo',1692,'2012-12-23 13:41:17'),(41,61,3,'quibusdam',3880,'2015-09-26 05:44:00'),(42,85,4,'pariatur',926,'2016-03-22 18:28:56'),(43,86,1,'dolor',873,'2007-12-10 13:41:33'),(44,25,3,'in',1433,'2017-12-09 17:02:19'),(45,16,4,'sapiente',3287,'2015-11-21 18:19:16'),(46,92,1,'ex',729,'2019-01-11 13:42:16'),(47,91,3,'repellendus',589,'2009-10-26 08:04:51'),(48,15,4,'repellendus',3710,'2015-12-15 20:51:31'),(49,66,3,'est',664,'2007-12-31 09:32:12'),(50,89,4,'eum',1035,'2011-03-30 05:26:25'),(51,11,3,'omnis',1202,'2014-06-03 05:27:35'),(52,43,1,'occaecati',3035,'2011-06-27 17:01:56'),(53,80,3,'et',901,'2009-08-15 12:25:15'),(54,21,2,'provident',1245,'2010-03-28 06:31:17'),(55,4,4,'inventore',2123,'2016-04-06 11:28:11'),(56,92,3,'esse',1310,'2011-01-15 12:53:55'),(57,62,4,'necessitatibus',4070,'2019-09-13 19:29:45'),(58,54,2,'impedit',2984,'2017-03-13 07:53:55'),(59,80,4,'id',2371,'2009-06-30 17:16:15'),(60,16,4,'eveniet',756,'2014-10-19 06:00:16'),(61,54,1,'quibusdam',3237,'2020-05-15 20:35:51'),(62,10,2,'ipsam',3672,'2016-04-26 04:43:22'),(63,63,1,'veniam',2693,'2008-05-13 12:46:30'),(64,30,2,'labore',2417,'2014-02-21 08:21:54'),(65,95,1,'nobis',1711,'2017-03-21 17:40:04'),(66,8,1,'sit',1075,'2010-03-13 11:30:06'),(67,88,3,'eligendi',1673,'2016-03-11 17:28:39'),(68,18,3,'est',1775,'2019-03-22 17:47:02'),(69,8,2,'omnis',3094,'2012-06-30 03:53:16'),(70,2,1,'aut',4093,'2011-09-10 13:29:35'),(71,27,4,'velit',1982,'2016-08-07 09:50:11'),(72,76,4,'distinctio',879,'2011-05-06 07:21:01'),(73,69,2,'et',926,'2007-10-05 07:00:31'),(74,35,2,'nihil',862,'2020-03-14 01:50:23'),(75,7,3,'fugiat',3157,'2013-06-18 02:36:55'),(76,44,3,'asperiores',2602,'2010-05-13 18:54:27'),(77,59,3,'illum',1662,'2019-05-14 13:00:54'),(78,5,1,'officia',1219,'2014-08-27 19:32:21'),(79,77,2,'velit',2719,'2014-04-27 14:57:05'),(80,49,3,'rerum',2582,'2012-05-13 00:28:12'),(81,53,3,'ut',3624,'2020-07-31 17:12:49'),(82,76,2,'cupiditate',4011,'2016-07-11 13:15:01'),(83,7,4,'ea',1937,'2011-07-14 11:45:45'),(84,6,1,'molestiae',799,'2011-06-03 00:39:56'),(85,31,1,'nesciunt',1506,'2017-08-30 11:10:14'),(86,26,3,'quo',2727,'2020-05-13 17:36:20'),(87,100,1,'ut',3019,'2019-07-26 23:08:46'),(88,45,3,'asperiores',3964,'2014-04-09 12:08:20'),(89,30,4,'nostrum',3458,'2014-02-14 08:11:39'),(90,18,2,'explicabo',2065,'2011-04-21 02:22:05'),(91,30,3,'odio',1680,'2012-12-01 12:41:48'),(92,98,4,'inventore',3919,'2016-07-23 00:26:19'),(93,14,1,'eaque',2273,'2015-05-17 08:59:46'),(94,9,4,'doloribus',1571,'2017-07-16 20:33:02'),(95,37,3,'omnis',3915,'2008-08-19 03:43:42'),(96,61,4,'est',1053,'2015-07-19 06:09:11'),(97,14,2,'et',1725,'2020-02-24 04:55:33'),(98,29,1,'saepe',1673,'2007-05-26 22:18:46'),(99,29,2,'cumque',2552,'2009-06-14 15:06:07'),(100,35,3,'id',3407,'2014-03-05 08:41:07');
/*!40000 ALTER TABLE `media` ENABLE KEYS */;
UNLOCK TABLES;

--
-- Table structure for table `media_types`
--

DROP TABLE IF EXISTS `media_types`;
/*!40101 SET @saved_cs_client     = @@character_set_client */;
/*!40101 SET character_set_client = utf8 */;
CREATE TABLE `media_types` (
  `id` int(10) unsigned NOT NULL AUTO_INCREMENT,
  `name` varchar(45) COLLATE utf8mb4_unicode_ci NOT NULL,
  PRIMARY KEY (`id`),
  UNIQUE KEY `name` (`name`)
) ENGINE=InnoDB AUTO_INCREMENT=5 DEFAULT CHARSET=utf8mb4 COLLATE=utf8mb4_unicode_ci;
/*!40101 SET character_set_client = @saved_cs_client */;

--
-- Dumping data for table `media_types`
--

LOCK TABLES `media_types` WRITE;
/*!40000 ALTER TABLE `media_types` DISABLE KEYS */;
INSERT INTO `media_types` VALUES (2,'aliquam'),(4,'mollitia'),(1,'sint'),(3,'sit');
/*!40000 ALTER TABLE `media_types` ENABLE KEYS */;
UNLOCK TABLES;

--
-- Table structure for table `messages`
--

DROP TABLE IF EXISTS `messages`;
/*!40101 SET @saved_cs_client     = @@character_set_client */;
/*!40101 SET character_set_client = utf8 */;
CREATE TABLE `messages` (
  `id` bigint(20) unsigned NOT NULL AUTO_INCREMENT,
  `from_user_id` bigint(20) unsigned NOT NULL,
  `to_user_id` bigint(20) unsigned NOT NULL,
  `txt` text COLLATE utf8mb4_unicode_ci NOT NULL,
  `is_delivered` tinyint(1) DEFAULT 0,
  `created_at` datetime NOT NULL DEFAULT current_timestamp(),
  `update_at` datetime DEFAULT NULL ON UPDATE current_timestamp(),
  PRIMARY KEY (`id`),
  KEY `fk_messages_from_user_idx` (`from_user_id`),
  KEY `fk_messages_to_user_idx` (`to_user_id`),
  CONSTRAINT `fk_messages_users_1` FOREIGN KEY (`from_user_id`) REFERENCES `users` (`id`),
  CONSTRAINT `fk_messages_users_2` FOREIGN KEY (`to_user_id`) REFERENCES `users` (`id`)
) ENGINE=InnoDB AUTO_INCREMENT=201 DEFAULT CHARSET=utf8mb4 COLLATE=utf8mb4_unicode_ci;
/*!40101 SET character_set_client = @saved_cs_client */;

--
-- Dumping data for table `messages`
--

LOCK TABLES `messages` WRITE;
/*!40000 ALTER TABLE `messages` DISABLE KEYS */;
INSERT INTO `messages` VALUES (1,54,88,'Turtle--we used to read fairy-tales, I fancied that kind of serpent, that\'s all I can guess that,\' she added in a trembling voice to a mouse, That he met in the sea, \'and in that ridiculous.',1,'2010-03-14 14:15:22','2020-12-01 17:23:50'),(2,50,5,'What happened to me! When I used to queer things happening. While she was holding, and she very good-naturedly began hunting about for a rabbit! I suppose you\'ll be asleep again before it\'s done.\'.',0,'2015-04-02 18:09:46','2020-08-13 03:49:00'),(3,74,27,'Beautiful, beautiful Soup!\' CHAPTER XI. Who Stole the Tarts? The King looked anxiously over his shoulder as he shook both his shoes on. \'--and just take his head contemptuously. \'I dare say you\'re.',1,'2010-07-28 05:16:48','2020-12-28 23:43:32'),(4,64,81,'March Hare went on. Her listeners were perfectly quiet till she got to do,\' said Alice to find it out, we should all have our heads cut off, you know. Come on!\' So they went up to the garden with.',1,'2007-06-17 12:12:31','2020-08-06 23:23:10'),(5,89,91,'CHAPTER V. Advice from a bottle marked \'poison,\' it is I hate cats and dogs.\' It was as steady as ever; Yet you finished the guinea-pigs!\' thought Alice. \'I\'m glad they\'ve begun asking riddles.--I.',0,'2016-09-07 04:28:09','2020-12-01 14:55:36'),(6,83,31,'Who ever saw in another minute there was enough of me left to make personal remarks,\' Alice said to herself. Imagine her surprise, when the White Rabbit, who said in a furious passion, and went.',1,'2012-05-04 02:14:24','2021-03-04 09:54:35'),(7,5,34,'Queen. An invitation for the hot day made her look up and said, without opening its eyes, \'Of course, of course; just what I eat\" is the same words as before, \'It\'s all his fancy, that: he hasn\'t.',0,'2007-09-20 17:36:22','2020-12-19 21:01:36'),(8,75,63,'Gryphon said to Alice, she went back to the other: he came trotting along in a VERY unpleasant state of mind, she turned to the beginning of the bottle was a very curious to know what a long way. So.',1,'2016-03-13 12:00:02','2020-12-10 07:49:34'),(9,88,93,'Alice had no pictures or conversations in it, and very soon found herself falling down a good opportunity for showing off a head unless there was hardly room for her. \'I wish you wouldn\'t have come.',0,'2018-05-24 02:31:10','2020-06-10 14:09:25'),(10,70,21,'I can do no more, whatever happens. What WILL become of it; so, after hunting all about as she remembered that she had sat down again very sadly and quietly, and looked at Alice, as she could. The.',1,'2018-12-14 17:42:10','2020-09-11 12:13:23'),(11,56,41,'I was thinking I should think you could only hear whispers now and then said, \'It WAS a narrow escape!\' said Alice, a little girl she\'ll think me at home! Why, I wouldn\'t be so proud as all that.\'.',1,'2020-09-05 21:08:10','2020-04-23 01:34:34'),(12,23,95,'King, looking round the court was in March.\' As she said to herself how she would gather about her pet: \'Dinah\'s our cat. And she\'s such a neck as that! No, no! You\'re a serpent; and there\'s no use.',0,'2017-04-01 08:33:26','2020-07-22 09:27:33'),(13,47,20,'The Hatter\'s remark seemed to be nothing but a pack of cards: the Knave was standing before them, in chains, with a cart-horse, and expecting every moment to think about stopping herself before she.',0,'2010-07-09 15:59:19','2020-10-19 01:14:40'),(14,37,73,'I used to say.\' \'So he did, so he with his knuckles. It was the same thing as a partner!\' cried the Mock Turtle a little girl,\' said Alice, \'how am I to do?\' said Alice. \'What sort of circle, (\'the.',0,'2016-12-05 14:43:57','2021-01-09 10:30:14'),(15,82,63,'I ever heard!\' \'Yes, I think you\'d better ask HER about it.\' \'She\'s in prison,\' the Queen merely remarking that a red-hot poker will burn you if you like!\' the Duchess sang the second thing is to.',0,'2016-07-28 21:55:29','2020-05-19 04:50:36'),(16,3,36,'I will prosecute YOU.--Come, I\'ll take no denial; We must have prizes.\' \'But who is Dinah, if I know THAT well enough; and what does it matter to me whether you\'re a little queer, won\'t you?\' \'Not a.',0,'2012-01-20 18:58:35','2020-05-04 06:07:16'),(17,50,52,'I eat one of the jury eagerly wrote down all three to settle the question, and they went on muttering over the wig, (look at the door--I do wish they COULD! I\'m sure I have none, Why, I wouldn\'t be.',1,'2011-06-14 21:17:31','2020-10-08 04:17:55'),(18,41,24,'Hatter: \'it\'s very rude.\' The Hatter was the first position in dancing.\' Alice said; but was dreadfully puzzled by the carrier,\' she thought; \'and how funny it\'ll seem to have wondered at this, but.',1,'2018-10-20 10:51:30','2020-05-03 08:22:18'),(19,78,5,'I then? Tell me that first, and then another confusion of voices--\'Hold up his head--Brandy now--Don\'t choke him--How was it, old fellow? What happened to you? Tell us all about for it, she found.',0,'2015-01-19 02:47:19','2020-12-24 09:55:26'),(20,4,67,'If I or she fell past it. \'Well!\' thought Alice to herself. \'I dare say you\'re wondering why I don\'t like the Mock Turtle\'s Story \'You can\'t think how glad I am in the book,\' said the March Hare.',0,'2010-01-29 18:30:24','2020-06-01 04:25:50'),(21,95,87,'Caterpillar. \'Well, I\'ve tried banks, and I\'ve tried banks, and I\'ve tried hedges,\' the Pigeon the opportunity of saying to herself \'Suppose it should be raving mad after all! I almost wish I hadn\'t.',0,'2007-04-09 21:17:51','2021-03-05 01:23:40'),(22,97,100,'Queen will hear you! You see, she came in sight of the ground--and I should like it put the Dormouse crossed the court, arm-in-arm with the other side. The further off from England the nearer is to.',0,'2012-09-29 18:10:21','2021-01-01 03:25:15'),(23,20,72,'Do you think you could see this, as she was losing her temper. \'Are you content now?\' said the Mock Turtle drew a long way. So they began running when they had to run back into the air off all its.',1,'2015-03-24 10:53:16','2021-04-02 15:19:20'),(24,62,7,'I can kick a little!\' She drew her foot as far down the hall. After a while she was a treacle-well.\' \'There\'s no sort of life! I do hope it\'ll make me larger, it must be the right size again; and.',1,'2020-08-29 01:29:42','2020-08-23 01:34:31'),(25,64,32,'Duchess: \'flamingoes and mustard both bite. And the muscular strength, which it gave to my jaw, Has lasted the rest of the trial.\' \'Stupid things!\' Alice thought she might as well wait, as she.',0,'2014-06-08 02:19:48','2021-01-24 11:02:36'),(26,28,20,'Pat, what\'s that in some alarm. This time there were three little sisters,\' the Dormouse denied nothing, being fast asleep. \'After that,\' continued the Hatter, and, just as if she were looking up.',1,'2019-05-30 14:38:12','2021-01-30 12:00:04'),(27,73,50,'March Hare. The Hatter was the White Rabbit blew three blasts on the ground near the King said to herself as she swam nearer to make out what it was: she was shrinking rapidly; so she helped herself.',0,'2017-05-24 13:58:41','2020-04-16 09:41:32'),(28,14,19,'So you see, Miss, this here ought to be ashamed of yourself,\' said Alice, who was passing at the other, saying, in a ring, and begged the Mouse to tell its age, there was a treacle-well.\' \'There\'s.',1,'2008-03-31 21:19:11','2021-03-18 21:09:45'),(29,70,51,'Where CAN I have to ask the question?\' said the Hatter. \'It isn\'t mine,\' said the Mock Turtle. Alice was only a pack of cards!\' At this the whole cause, and condemn you to offer it,\' said Alice,.',1,'2015-08-20 03:28:10','2020-12-24 14:03:01'),(30,92,52,'The jury all looked so grave that she had accidentally upset the milk-jug into his plate. Alice did not much like keeping so close to them, they were lying on the English coast you find a pleasure.',0,'2012-12-12 20:04:11','2020-06-17 14:31:13'),(31,13,94,'Alice. \'And be quick about it,\' added the Queen. An invitation for the moment how large she had never before seen a cat without a porpoise.\' \'Wouldn\'t it really?\' said Alice thoughtfully: \'but.',0,'2014-05-11 01:10:37','2021-01-03 17:07:54'),(32,87,63,'First, she dreamed of little pebbles came rattling in at all?\' said Alice, (she had grown to her in an agony of terror. \'Oh, there goes his PRECIOUS nose\'; as an explanation; \'I\'ve none of them with.',1,'2015-07-13 12:36:02','2021-03-01 03:40:56'),(33,45,28,'Alice took up the other, and making quite a long silence after this, and she sat down again very sadly and quietly, and looked at her feet, they seemed to Alice with one foot. \'Get up!\' said the.',0,'2016-03-28 13:43:11','2020-07-11 08:46:51'),(34,86,23,'I don\'t believe you do either!\' And the muscular strength, which it gave to my right size: the next question is, what?\' The great question is, Who in the air. \'--as far out to sea. So they had a.',1,'2013-03-29 19:32:26','2020-11-20 15:35:23'),(35,32,90,'Alice had not the right size for going through the door, and tried to look through into the garden door. Poor Alice! It was opened by another footman in livery, with a yelp of delight, which changed.',0,'2015-09-10 01:31:21','2021-03-28 21:44:43'),(36,90,27,'Then she went on, yawning and rubbing its eyes, for it to make out who I WAS when I was sent for.\' \'You ought to speak, and no more to do this, so she felt sure it would be only rustling in the long.',0,'2016-08-25 04:53:54','2020-08-12 11:36:33'),(37,76,87,'Lizard\'s slate-pencil, and the happy summer days. THE.',1,'2017-01-07 05:45:29','2020-05-11 03:24:20'),(38,27,95,'I\'d only been the right size again; and the Gryphon went on, \'and most of \'em do.\' \'I don\'t see,\' said the Gryphon. \'--you advance twice--\' \'Each with a little glass box that was trickling down his.',1,'2013-12-06 03:51:36','2020-09-06 10:00:31'),(39,58,88,'THIS!\' (Sounds of more energetic remedies--\' \'Speak English!\' said the Mouse, who seemed too much overcome to do THAT in a hurried nervous manner, smiling at everything that was lying on their hands.',1,'2011-08-09 15:37:26','2020-05-04 07:33:27'),(40,2,22,'Dodo in an offended tone, \'was, that the Gryphon answered, very nearly in the distance, screaming with passion. She had not gone far before they saw her, they hurried back to them, they set to work,.',0,'2014-06-11 20:33:04','2020-07-01 18:44:58'),(41,20,29,'Alice said to herself, \'the way all the things being alive; for instance, there\'s the arch I\'ve got to the shore, and then unrolled the parchment scroll, and read out from his book, \'Rule Forty-two..',0,'2007-04-17 14:05:00','2020-07-24 16:05:15'),(42,41,92,'However, on the end of the March Hare and his friends shared their never-ending meal, and the shrill voice of thunder, and people began running about in the distance, and she told her sister, who.',0,'2008-03-14 14:35:11','2021-01-13 03:57:22'),(43,78,54,'But here, to Alice\'s side as she spoke. Alice did not like to be sure! However, everything is queer to-day.\' Just then her head impatiently; and, turning to Alice, and looking anxiously about her..',0,'2017-06-21 21:43:14','2020-12-03 10:32:20'),(44,11,47,'Queen. \'Well, I hardly know--No more, thank ye; I\'m better now--but I\'m a deal faster than it does.\' \'Which would NOT be an old crab, HE was.\' \'I never thought about it,\' said the Gryphon. \'We can.',0,'2010-09-24 19:41:40','2020-05-28 20:27:18'),(45,5,2,'Tell her to carry it further. So she was quite pale (with passion, Alice thought), and it sat for a baby: altogether Alice did not dare to disobey, though she looked down, was an old Turtle--we used.',0,'2016-10-12 07:44:41','2020-08-25 23:13:00'),(46,98,17,'Caterpillar, just as well say this), \'to go on in the distance. \'And yet what a Gryphon is, look at me like a sky-rocket!\' \'So you think you might catch a bat, and that\'s all the first day,\' said.',1,'2011-07-10 14:42:03','2020-10-18 13:42:33'),(47,95,85,'ALICE\'S RIGHT FOOT, ESQ. HEARTHRUG, NEAR THE FENDER, (WITH ALICE\'S LOVE). Oh dear, what nonsense I\'m talking!\' Just then she remembered trying to put down yet, before the trial\'s over!\' thought.',1,'2012-07-16 18:05:09','2020-05-16 16:01:48'),(48,79,40,'YET,\' she said to the shore, and then another confusion of voices--\'Hold up his head--Brandy now--Don\'t choke him--How was it, old fellow? What happened to you? Tell us all about as much as serpents.',0,'2007-08-22 02:26:36','2021-02-03 17:53:09'),(49,12,65,'Alice had learnt several things of this was the first question, you know.\' \'And what are YOUR shoes done with?\' said the Dodo, \'the best way you have of putting things!\' \'It\'s a friend of mine--a.',0,'2013-03-10 22:29:57','2020-04-07 21:20:36'),(50,62,44,'I the same thing as \"I eat what I say,\' the Mock Turtle said: \'no wise fish would go round and get ready to play croquet with the clock. For instance, if you could only hear whispers now and then;.',1,'2011-04-15 20:09:28','2020-06-10 02:25:11'),(51,54,52,'The further off from England the nearer is to France-- Then turn not pale, beloved snail, but come and join the dance. Would not, could not, would not join the dance? Will you, won\'t you, will you,.',1,'2007-12-31 15:01:32','2021-01-17 18:19:37'),(52,70,29,'Mock Turtle\'s Story \'You can\'t think how glad I am so VERY remarkable in that; nor did Alice think it was,\' the March Hare. Alice was soon submitted to by the soldiers, who of course had to run back.',0,'2007-11-14 04:03:59','2020-11-26 06:03:31'),(53,38,96,'Queen: so she went on: \'But why did they draw?\' said Alice, a little quicker. \'What a curious dream, dear, certainly: but now run in to your little boy, And beat him when he finds out who I WAS when.',0,'2013-12-14 15:15:26','2020-04-12 01:19:57'),(54,24,96,'I\'ve tried to get an opportunity of saying to her in the pool as it could go, and broke to pieces against one of the other side. The further off from England the nearer is to do so. \'Shall we try.',0,'2019-06-25 09:10:04','2020-08-19 05:48:40'),(55,84,25,'First, she tried another question. \'What sort of way, \'Do cats eat bats?\' and sometimes, \'Do bats eat cats?\' for, you see, as they all quarrel so dreadfully one can\'t hear oneself speak--and they.',1,'2013-02-09 14:25:12','2020-11-02 09:19:26'),(56,17,3,'Alice began, in a sulky tone, as it spoke. \'As wet as ever,\' said Alice doubtfully: \'it means--to--make--anything--prettier.\' \'Well, then,\' the Gryphon in an undertone,.',0,'2016-08-03 21:18:56','2020-11-27 12:44:17'),(57,53,57,'Hatter: \'let\'s all move one place on.\' He moved on as he wore his crown over the edge of the teacups as the March Hare, who had followed him into the court, she said to herself, (not in a helpless.',0,'2019-04-18 10:30:25','2020-08-20 01:13:03'),(58,95,31,'Alice: \'three inches is such a simple question,\' added the Queen. \'Their heads are gone, if it had a door leading right into a doze; but, on being pinched by the carrier,\' she thought; \'and how.',1,'2019-05-25 17:57:56','2020-11-02 22:12:22'),(59,11,5,'There was a bright idea came into her eyes; and once she remembered having seen in her life; it was certainly English. \'I don\'t believe it,\' said the March Hare said in a melancholy air, and, after.',0,'2015-04-24 23:40:11','2020-08-07 00:17:04'),(60,78,15,'Dodo replied very solemnly. Alice was so full of tears, but said nothing. \'When we were little,\' the Mock Turtle. \'Hold your tongue, Ma!\' said the Footman. \'That\'s the reason and all would change to.',0,'2015-06-22 04:01:08','2020-05-10 04:44:47'),(61,7,75,'Alice; \'living at the righthand bit again, and Alice was so full of soup. \'There\'s certainly too much pepper in that soup!\' Alice said very politely, \'if I had to double themselves up and throw us,.',1,'2012-04-29 11:17:14','2020-06-23 20:22:58'),(62,31,1,'This seemed to rise like a wild beast, screamed \'Off with his head!\' or \'Off with her head!\' about once in a tone of the treat. When the Mouse in the world go round!\"\' \'Somebody said,\' Alice.',0,'2020-08-23 04:53:55','2021-01-09 06:07:47'),(63,60,10,'I shall remember it in less than a pig, my dear,\' said Alice, in a great hurry. \'You did!\' said the Mock Turtle, suddenly dropping his voice; and Alice joined the procession, wondering very much.',1,'2017-04-12 03:06:43','2020-09-20 05:56:35'),(64,41,72,'When the procession came opposite to Alice, and looking at the bottom of a feather flock together.\"\' \'Only mustard isn\'t a bird,\' Alice remarked. \'Oh, you foolish Alice!\' she answered herself. \'How.',1,'2013-10-06 00:17:52','2020-05-16 15:56:31'),(65,74,2,'White Rabbit, who said in a pleased tone. \'Pray don\'t trouble yourself to say it over) \'--yes, that\'s about the crumbs,\' said the Mouse in the world she was going to leave the room, when her eye.',0,'2008-04-08 12:50:13','2021-01-13 11:22:56'),(66,15,28,'This time there could be NO mistake about it: it was very likely to eat or drink anything; so I\'ll just see what was on the top of its little eyes, but it was certainly not becoming. \'And that\'s the.',0,'2007-04-18 19:07:47','2020-06-22 01:10:52'),(67,54,84,'Those whom she sentenced were taken into custody by the English, who wanted leaders, and had to run back into the garden door. Poor Alice! It was so small as this is May it won\'t be raving mad--at.',0,'2015-04-30 15:04:45','2020-08-13 05:59:59'),(68,56,91,'Rabbit angrily. \'Here! Come and help me out of THIS!\' (Sounds of more broken glass.) \'Now tell me, please, which way you go,\' said the Caterpillar. Here was another long passage, and the blades of.',1,'2015-12-29 12:24:50','2020-04-24 21:29:28'),(69,80,79,'Queen\'s argument was, that she was trying to make herself useful, and looking at Alice the moment she quite forgot how to speak with. Alice waited patiently until it chose to speak good English);.',1,'2007-10-31 23:34:15','2020-05-13 04:28:13'),(70,87,63,'First, because I\'m on the trumpet, and called out, \'First witness!\' The first question of course was, how to begin.\' For, you see, so many out-of-the-way things to happen, that it would make with.',1,'2017-12-09 22:44:59','2021-01-17 23:08:56'),(71,4,3,'Majesty!\' the soldiers had to stop and untwist it. After a time there could be beheaded, and that if you don\'t know what \"it\" means.\' \'I know SOMETHING interesting is sure to make personal remarks,\'.',1,'2020-11-18 22:30:22','2020-10-07 17:05:06'),(72,66,57,'Said he thanked the whiting kindly, but he could go. Alice took up the fan and gloves. \'How queer it seems,\' Alice said with a knife, it usually bleeds; and she hurried out of the trees as well say.',0,'2020-10-23 01:04:47','2020-07-18 15:06:40'),(73,60,60,'King said to the jury, who instantly made a memorandum of the court. All this time with great curiosity, and this he handed over to herself, \'after such a tiny golden key, and when she had a door.',1,'2009-02-08 23:26:55','2020-11-05 19:33:36'),(74,87,71,'Alice in a loud, indignant voice, but she thought there was a real Turtle.\' These words were followed by a row of lodging houses, and behind it was certainly not becoming. \'And that\'s the jury, who.',1,'2018-11-13 09:51:06','2021-02-02 16:34:18'),(75,65,65,'Alice had begun to dream that she was now about a thousand times as large as himself, and this time she heard a little startled by seeing the Cheshire Cat: now I shall see it again, but it is.\'.',1,'2017-06-01 04:54:12','2021-02-01 07:17:58'),(76,85,71,'Cat said, waving its tail about in all directions, \'just like a frog; and both creatures hid their faces in their mouths. So they got their tails fast in their paws. \'And how did you call it sad?\'.',0,'2012-08-08 20:03:20','2021-01-07 21:36:50'),(77,40,16,'I must, I must,\' the King in a great crowd assembled about them--all sorts of things--I can\'t remember half of anger, and tried to beat them off, and found in it a little girl or a watch to take the.',1,'2018-11-11 22:03:37','2020-08-02 04:03:38'),(78,71,99,'Said his father; \'don\'t give yourself airs! Do you think you can have no answers.\' \'If you didn\'t sign it,\' said the Mouse was bristling all over, and she went on, \'and most of \'em do.\' \'I don\'t.',1,'2016-04-06 06:24:55','2020-06-21 13:21:31'),(79,25,12,'Dodo solemnly, rising to its feet, \'I move that the Gryphon went on, taking first one side and then said, \'It was much pleasanter at home,\' thought poor Alice, and she heard it muttering to himself.',0,'2021-01-15 13:58:59','2021-02-20 12:40:25'),(80,70,99,'Queen, in a shrill, loud voice, and see how the game was in a great hurry. An enormous puppy was looking up into the jury-box, or they would call after her: the last word with such sudden violence.',1,'2014-01-01 02:23:53','2021-02-08 17:23:16'),(81,13,84,'Alice thought over all she could not answer without a porpoise.\' \'Wouldn\'t it really?\' said Alice indignantly, and she had gone through that day. \'That PROVES his guilt,\' said the King repeated.',1,'2019-10-25 04:49:30','2020-09-02 19:41:33'),(82,26,67,'Rabbit angrily. \'Here! Come and help me out of sight, they were lying on the top of its little eyes, but it was done. They had a pencil that squeaked. This of course, Alice could not tell whether.',1,'2021-02-15 13:36:27','2020-08-02 23:57:20'),(83,68,82,'The Duchess took her choice, and was beating her violently with its arms and legs in all directions, tumbling up against each other; however, they got thrown out to be managed? I suppose you\'ll be.',0,'2016-12-19 20:55:08','2021-02-03 19:19:11'),(84,58,47,'Alice, thinking it was as much as serpents do, you know.\' He was an uncomfortably sharp chin. However, she got used to do:-- \'How doth the little--\"\' and she at once without waiting for turns,.',0,'2010-08-20 03:49:54','2020-06-11 02:53:10'),(85,61,44,'Alice. \'Why, you don\'t like them raw.\' \'Well, be off, and Alice heard it say to itself \'The Duchess! The Duchess! Oh my dear Dinah! I wonder what was coming. It was the Cat in a louder tone. \'ARE.',1,'2018-05-06 16:52:49','2020-10-21 03:39:50'),(86,10,64,'So she set to work nibbling at the Duchess replied, in a low, weak voice. \'Now, I give you fair warning,\' shouted the Queen, the royal children; there were three little sisters,\' the Dormouse.',1,'2009-09-18 12:51:17','2020-07-22 11:45:57'),(87,47,75,'Magpie began wrapping itself up very carefully, remarking, \'I really must be removed,\' said the Gryphon. \'It all came different!\' the Mock Turtle at last, with a table in the middle. Alice kept her.',0,'2015-12-11 02:13:09','2020-12-09 20:46:17'),(88,21,7,'Queen was silent. The Dormouse had closed its eyes by this time, as it was a little hot tea upon its nose. The Dormouse had closed its eyes were nearly out of the Lobster Quadrille, that she never.',1,'2008-02-13 13:28:35','2020-05-28 19:33:23'),(89,35,7,'King had said that day. \'No, no!\' said the Gryphon answered, very nearly in the last few minutes, and began talking to herself, as she said to herself, as she spoke, but no result seemed to Alice.',1,'2007-12-10 14:49:41','2020-07-27 03:29:01'),(90,77,99,'King. On this the whole thing, and longed to change them--\' when she had to be in Bill\'s place for a minute or two the Caterpillar angrily, rearing itself upright as it was certainly not becoming..',0,'2019-11-07 00:52:12','2020-05-05 18:18:59'),(91,72,61,'I have done that, you know,\' said the Cat. \'I\'d nearly forgotten that I\'ve got back to her: first, because the Duchess by this time). \'Don\'t grunt,\' said Alice; \'I might as well go in ringlets at.',1,'2019-03-22 05:40:05','2021-03-13 00:32:30'),(92,69,11,'King put on her hand, watching the setting sun, and thinking of little Alice herself, and fanned herself with one eye; but to get out again. The Mock Turtle interrupted, \'if you only walk long.',0,'2015-04-16 02:28:58','2020-05-18 09:35:47'),(93,77,40,'I\'ve made up my mind about it; if I\'m Mabel, I\'ll stay down here with me! There are no mice in the distance. \'Come on!\' and ran till she fancied she heard one of them.\' In another minute the whole.',1,'2018-08-28 19:06:41','2021-04-01 12:06:14'),(94,9,2,'Alice, and sighing. \'It IS the same as the hall was very hot, she kept on puzzling about it just grazed his nose, and broke to pieces against one of them even when they met in the middle of one!.',0,'2013-03-16 14:26:04','2020-07-20 09:00:50'),(95,51,79,'THAT. Then again--\"BEFORE SHE HAD THIS FIT--\" you never tasted an egg!\' \'I HAVE tasted eggs, certainly,\' said Alice, in a fight with another dig of her head struck against the roof bear?--Mind that.',1,'2019-06-07 00:54:44','2020-09-05 16:53:29'),(96,100,64,'All on a summer day: The Knave shook his grey locks, \'I kept all my life, never!\' They had a wink of sleep these three weeks!\' \'I\'m very sorry you\'ve been annoyed,\' said Alice, whose thoughts were.',0,'2012-06-22 05:33:19','2020-09-14 07:42:24'),(97,63,26,'WOULD not remember the simple and loving heart of her hedgehog. The hedgehog was engaged in a soothing tone: \'don\'t be angry about it. And yet I don\'t like them raw.\' \'Well, be off, and Alice looked.',0,'2015-05-18 15:45:57','2020-08-20 10:15:19'),(98,30,30,'Footman, and began singing in its sleep \'Twinkle, twinkle, twinkle, twinkle--\' and went in. The door led right into it. \'That\'s very curious!\' she thought. \'But everything\'s curious today. I think.',1,'2019-02-12 16:30:39','2020-11-09 07:16:20'),(99,8,87,'I\'m sure she\'s the best cat in the pool was getting so thin--and the twinkling of the suppressed guinea-pigs, filled the air, mixed up with the time,\' she said to Alice; and Alice was beginning to.',0,'2008-03-22 04:52:39','2020-11-07 15:05:30'),(100,77,68,'VERY nearly at the mushroom (she had grown so large in the pictures of him), while the rest of the singers in the other. \'I beg pardon, your Majesty,\' said Alice thoughtfully: \'but then--I shouldn\'t.',0,'2014-06-12 18:52:27','2020-04-15 03:09:38'),(101,31,87,'Alice whispered to the little crocodile Improve his shining tail, And pour the waters of the way--\' \'THAT generally takes some time,\' interrupted the Hatter: \'I\'m on the hearth and grinning from ear.',0,'2021-02-28 01:02:44','2021-02-11 10:03:26'),(102,32,77,'Mock Turtle, suddenly dropping his voice; and the choking of the soldiers remaining behind to execute the unfortunate gardeners, who ran to Alice a little of it?\' said the Mock Turtle went on all.',0,'2016-03-24 05:03:22','2020-05-28 20:36:24'),(103,62,52,'Alice could not help thinking there MUST be more to be afraid of it. Presently the Rabbit say to this: so she bore it as you can--\' \'Swim after them!\' screamed the Pigeon. \'I\'m NOT a serpent, I tell.',0,'2008-08-12 11:42:24','2020-06-22 20:15:12'),(104,83,96,'Caterpillar; and it was the White Rabbit blew three blasts on the slate. \'Herald, read the accusation!\' said the Caterpillar. \'Well, perhaps your feelings may be ONE.\' \'One, indeed!\' said the.',1,'2011-07-03 04:37:17','2020-09-05 10:49:06'),(105,59,59,'I shan\'t! YOU do it!--That I won\'t, then!--Bill\'s to go on with the distant sobs of the house, quite forgetting that she began looking at them with the distant sobs of the fact. \'I keep them to be.',0,'2018-09-17 16:15:21','2020-07-21 20:42:44'),(106,94,30,'I THINK I can do without lobsters, you know. Please, Ma\'am, is this New Zealand or Australia?\' (and she tried hard to whistle to it; but she thought it would make with the Lory, as soon as she ran..',1,'2012-09-10 07:49:34','2021-02-17 09:25:21'),(107,20,63,'VERY long claws and a Long Tale They were indeed a queer-looking party that assembled on the top of her knowledge. \'Just think of nothing else to say \'I once tasted--\' but checked herself hastily,.',1,'2014-02-15 02:30:24','2020-09-28 00:05:53'),(108,40,96,'Cat went on, \'\"--found it advisable to go and take it away!\' There was no label this time with great curiosity. \'Soles and eels, of course,\' the Gryphon said to itself \'Then I\'ll go round and swam.',1,'2015-02-27 16:11:02','2021-03-11 04:35:45'),(109,2,49,'HER about it.\' \'She\'s in prison,\' the Queen ordering off her knowledge, as there was a large arm-chair at one and then the puppy jumped into the garden door. Poor Alice! It was the White Rabbit.',0,'2010-06-20 05:04:57','2020-12-12 03:10:04'),(110,97,52,'So she called softly after it, never once considering how in the face. \'I\'ll put a stop to this,\' she said this, she noticed that one of the room again, no wonder she felt certain it must make me.',1,'2019-05-31 15:37:20','2021-02-04 04:24:57'),(111,27,97,'Queen, who was sitting on the same as the large birds complained that they had to be seen: she found a little shaking among the people near the door and found in it about four feet high. \'I wish the.',1,'2015-06-10 01:11:23','2021-03-15 19:13:49'),(112,16,89,'Mock Turtle said: \'no wise fish would go round a deal too flustered to tell them something more. \'You promised to tell you--all I know is, something comes at me like that!\' He got behind him, and.',0,'2020-01-27 04:02:05','2020-05-04 21:08:41'),(113,23,45,'Lobster; I heard him declare, \"You have baked me too brown, I must have been that,\' said the Hatter, and here the conversation dropped, and the little golden key in the chimney close above her:.',1,'2012-01-04 12:01:08','2020-05-22 12:23:50'),(114,19,30,'I\'m mad?\' said Alice. \'Why, SHE,\' said the Cat, \'or you wouldn\'t mind,\' said Alice: \'allow me to introduce some other subject of conversation. While she was going to begin with.\' \'A barrowful of.',1,'2015-11-05 00:30:43','2020-07-15 16:12:42'),(115,32,95,'Hatter: \'let\'s all move one place on.\' He moved on as he spoke, \'we were trying--\' \'I see!\' said the Duck: \'it\'s generally a frog or a serpent?\' \'It matters a good opportunity for making her escape;.',1,'2019-10-23 15:35:56','2020-05-14 02:17:29'),(116,97,62,'Alice, \'and if it likes.\' \'I\'d rather finish my tea,\' said the Dodo replied very readily: \'but that\'s because it stays the same words as before, \'It\'s all about as it didn\'t much matter which way.',0,'2018-06-12 22:22:37','2020-05-01 00:10:03'),(117,81,29,'I to do so. \'Shall we try another figure of the ground, Alice soon came upon a neat little house, on the bank, with her arms folded, frowning like a thunderstorm. \'A fine day, your Majesty!\' the.',0,'2009-01-01 01:06:18','2020-09-17 10:56:47'),(118,38,43,'Gryphon is, look at the end of the evening, beautiful Soup! \'Beautiful Soup! Who cares for fish, Game, or any other dish? Who would not join the dance. Would not, could not, would not, could not,.',1,'2009-03-02 21:16:53','2021-01-30 00:21:52'),(119,80,21,'What WILL become of me? They\'re dreadfully fond of beheading people here; the great wonder is, that there\'s any one of them bowed low. \'Would you tell me,\' said Alice, feeling very glad to get an.',0,'2017-07-24 05:02:54','2020-05-02 22:10:03'),(120,38,39,'Alice remarked. \'Oh, you can\'t think! And oh, I wish you would have made a dreadfully ugly child: but it had struck her foot! She was a dead silence. Alice was beginning to see it trying in a.',0,'2021-03-23 18:51:03','2020-06-08 22:14:33'),(121,80,31,'I believe.\' \'Boots and shoes under the table: she opened the door with his head!\' or \'Off with her head!\' about once in the middle, wondering how she would manage it. \'They were obliged to write.',1,'2011-12-04 03:01:08','2020-09-25 09:47:53'),(122,68,99,'Mock Turtle would be like, \'--for they haven\'t got much evidence YET,\' she said to the Dormouse, without considering at all a proper way of expressing yourself.\' The baby grunted again, so.',1,'2015-11-27 07:00:36','2020-10-31 14:35:01'),(123,93,8,'MORE THAN A MILE HIGH TO LEAVE THE COURT.\' Everybody looked at Two. Two began in a deep, hollow tone: \'sit down, both of you, and listen to her, though, as they lay on the bank--the birds with.',0,'2014-07-31 03:34:03','2021-02-19 15:53:17'),(124,95,95,'Beautiful, beautiful Soup! Beau--ootiful Soo--oop! Soo--oop of the baby, the shriek of the crowd below, and there was nothing on it except a little sharp bark just over her head to keep back the.',1,'2020-04-02 23:02:46','2020-07-02 15:40:53'),(125,56,92,'Mock Turtle. \'And how many miles I\'ve fallen by this time.) \'You\'re nothing but a pack of cards!\' At this the White Rabbit: it was good practice to say but \'It belongs to a shriek, \'and just as I\'d.',0,'2014-07-10 14:24:37','2020-11-20 02:06:56'),(126,47,82,'Mock Turtle, who looked at Alice. \'It must have got into it), and handed them round as prizes. There was a paper label, with the clock. For instance, suppose it doesn\'t matter a bit,\' she thought it.',1,'2017-11-18 20:42:08','2020-08-16 05:59:09'),(127,88,62,'White Rabbit returning, splendidly dressed, with a sudden burst of tears, but said nothing. \'When we were little,\' the Mock Turtle, suddenly dropping his voice; and Alice looked all round her at the.',1,'2020-11-15 05:04:39','2020-06-27 08:57:46'),(128,71,10,'Alice thought), and it was getting very sleepy; \'and they drew all manner of things--everything that begins with an air of great dismay, and began to feel which way I want to get through was more.',0,'2008-04-15 20:05:43','2020-04-11 10:58:38'),(129,7,89,'Bill,\' she gave one sharp kick, and waited till the puppy\'s bark sounded quite faint in the prisoner\'s handwriting?\' asked another of the water, and seemed to Alice an excellent opportunity for.',0,'2007-12-30 18:41:32','2021-01-25 17:22:41'),(130,39,38,'Hatter was the BEST butter,\' the March Hare: she thought there was a queer-shaped little creature, and held out its arms and legs in all my life, never!\' They had not noticed before, and he called.',0,'2020-05-17 16:43:19','2020-04-18 18:19:31'),(131,83,36,'Mock Turtle: \'nine the next, and so on.\' \'What a pity it wouldn\'t stay!\' sighed the Hatter. He came in with the day and night! You see the Hatter began, in rather a hard word, I will tell you more.',0,'2008-12-18 19:06:42','2020-04-11 20:38:46'),(132,100,64,'IS the use of a sea of green leaves that had fallen into the jury-box, and saw that, in her face, with such a curious croquet-ground in her hands, wondering if anything would EVER happen in a great.',1,'2013-06-10 22:34:46','2020-07-20 06:35:09'),(133,65,38,'Only I don\'t keep the same as they were getting so used to it!\' pleaded poor Alice began in a more subdued tone, and everybody else. \'Leave off that!\' screamed the Pigeon. \'I\'m NOT a serpent!\' said.',1,'2021-01-03 10:25:34','2021-01-28 10:33:25'),(134,6,44,'VERY much out of breath, and said to the shore. CHAPTER III. A Caucus-Race and a large piece out of this rope--Will the roof of the country is, you know. But do cats eat bats, I wonder?\' And here.',1,'2011-02-28 13:43:23','2021-02-24 23:47:34'),(135,58,44,'Gryphon remarked: \'because they lessen from day to day.\' This was such a neck as that! No, no! You\'re a serpent; and there\'s no harm in trying.\' So she set to work, and very soon found out that the.',0,'2019-09-01 16:16:50','2020-09-21 16:01:44'),(136,83,37,'However, the Multiplication Table doesn\'t signify: let\'s try Geography. London is the same height as herself; and when she had caught the baby violently up and bawled out, \"He\'s murdering the time!.',1,'2010-10-01 02:41:11','2020-07-08 22:23:58'),(137,75,51,'Dormouse, who seemed ready to agree to everything that Alice quite hungry to look at all what had become of it; then Alice dodged behind a great thistle, to keep back the wandering hair that WOULD.',0,'2010-10-24 07:33:54','2021-03-23 00:45:59'),(138,36,68,'The Hatter looked at Alice, and looking anxiously about as it went, \'One side of the well, and noticed that one of the court. \'What do you want to go! Let me see: four times seven is--oh dear! I.',1,'2016-05-06 16:41:36','2021-03-08 16:46:05'),(139,58,31,'All this time it all is! I\'ll try if I chose,\' the Duchess and the Queen, who was passing at the top of her sister, as well she might, what a long silence after this, and Alice was not even room for.',0,'2014-01-30 18:50:18','2021-02-22 20:54:49'),(140,62,13,'Alice, \'because I\'m not used to queer things happening. While she was now the right way of escape, and wondering what to beautify is, I can\'t remember,\' said the Gryphon, and, taking Alice by the.',0,'2019-02-19 23:50:17','2021-04-03 11:22:42'),(141,22,9,'I shall think nothing of the deepest contempt. \'I\'ve seen hatters before,\' she said aloud. \'I must be the right word) \'--but I shall think nothing of the room. The cook threw a frying-pan after her.',1,'2011-03-30 14:36:19','2021-04-07 03:17:06'),(142,95,9,'Alice,) and round goes the clock in a low voice. \'Not at first, but, after watching it a very good advice, (though she very good-naturedly began hunting about for a long way. So she began: \'O Mouse,.',1,'2011-05-07 14:09:52','2020-10-01 06:28:20'),(143,70,65,'Father William,\' the young man said, \'And your hair has become very white; And yet I wish I could not make out what she was looking up into a large plate came skimming out, straight at the picture.).',0,'2018-03-04 23:16:03','2020-07-30 03:10:22'),(144,19,77,'No, no! You\'re a serpent; and there\'s no name signed at the picture.) \'Up, lazy thing!\' said the Gryphon, with a little of her hedgehog. The hedgehog was engaged in a moment to be nothing but the.',1,'2007-08-27 02:49:20','2020-07-01 14:32:35'),(145,53,58,'As she said to herself, for she thought, \'it\'s sure to do so. \'Shall we try another figure of the Shark, But, when the race was over. However, when they arrived, with a sigh: \'he taught Laughing and.',1,'2007-08-13 09:24:53','2020-06-29 01:56:41'),(146,15,36,'King was the Cat remarked. \'Don\'t be impertinent,\' said the Mock Turtle to sing you a present of everything I\'ve said as yet.\' \'A cheap sort of people live about here?\' \'In THAT direction,\' waving.',0,'2017-11-08 13:32:40','2020-12-21 08:57:42'),(147,93,14,'The Hatter\'s remark seemed to listen, the whole party swam to the other guinea-pig cheered, and was surprised to see what the next verse.\' \'But about his toes?\' the Mock Turtle went on. \'Or would.',0,'2016-11-21 22:04:59','2021-03-01 22:31:04'),(148,100,57,'Owl, as a cushion, resting their elbows on it, and then at the picture.) \'Up, lazy thing!\' said the Queen, \'and take this child away with me,\' thought Alice, \'as all the jelly-fish out of a bottle..',0,'2011-04-28 02:33:54','2020-07-06 09:34:41'),(149,52,6,'English. \'I don\'t think they play at all like the Mock Turtle with a soldier on each side, and opened their eyes and mouths so VERY nearly at the top of it. Presently the Rabbit came near her, about.',1,'2020-05-22 01:52:21','2021-03-20 14:04:19'),(150,1,9,'The Fish-Footman began by producing from under his arm a great many teeth, so she waited. The Gryphon sat up and leave the room, when her eye fell on a branch of a water-well,\' said the Mock Turtle.',0,'2015-02-07 14:22:31','2021-02-10 16:42:09'),(151,49,84,'Mary Ann, and be turned out of sight: then it chuckled. \'What fun!\' said the Duck. \'Found IT,\' the Mouse only shook its head to hide a smile: some of them hit her in such a nice little histories.',1,'2012-12-12 18:50:15','2021-01-23 09:27:18'),(152,46,23,'Alice remarked. \'Oh, you can\'t help it,\' said Alice, who felt ready to play croquet with the lobsters and the other was sitting on the spot.\' This did not like to drop the jar for fear of their.',0,'2008-05-02 15:17:23','2020-10-26 17:11:45'),(153,34,82,'Gryphon, half to itself, \'Oh dear! Oh dear! I shall remember it in the after-time, be herself a grown woman; and how she was terribly frightened all the things being alive; for instance, there\'s the.',0,'2009-09-16 01:03:31','2021-04-05 08:00:33'),(154,90,91,'And yet I don\'t care which happens!\' She ate a little faster?\" said a timid and tremulous sound.] \'That\'s different from what I say,\' the Mock Turtle. So she set to work throwing everything within.',1,'2011-05-07 05:45:08','2020-12-01 17:45:12'),(155,12,52,'I wish you were all ornamented with hearts. Next came the guests, mostly Kings and Queens, and among them Alice recognised the White Rabbit, with a teacup in one hand and a great letter, nearly as.',1,'2011-10-25 18:21:35','2020-09-10 10:45:50'),(156,4,34,'He looked at poor Alice, and she grew no larger: still it had grown to her head, and she jumped up on tiptoe, and peeped over the verses the White Rabbit, \'and that\'s why. Pig!\' She said this last.',0,'2009-06-22 06:00:16','2021-01-20 06:01:42'),(157,60,98,'I COULD NOT SWIM--\" you can\'t think! And oh, my poor little thing grunted in reply (it had left off when they hit her; and the King said to herself; \'his eyes are so VERY wide, but she had never.',0,'2012-11-09 20:39:28','2020-05-24 03:21:26'),(158,42,30,'Tortoise--\' \'Why did they draw the treacle from?\' \'You can draw water out of a water-well,\' said the Hatter. He had been of late much accustomed to usurpation and conquest. Edwin and Morcar, the.',0,'2021-01-15 06:43:13','2021-03-15 02:31:48'),(159,63,61,'Alice thought the whole party at once and put it more clearly,\' Alice replied in an impatient tone: \'explanations take such a subject! Our family always HATED cats: nasty, low, vulgar things! Don\'t.',0,'2013-11-09 01:30:51','2020-07-10 22:17:05'),(160,6,15,'March Hare and his friends shared their never-ending meal, and the others all joined in chorus, \'Yes, please do!\' but the wise little Alice and all that,\' said the King, and the Dormouse turned out,.',1,'2018-04-13 23:54:33','2020-06-21 13:10:24'),(161,18,21,'I\'m sure I can\'t quite follow it as to prevent its undoing itself,) she carried it off. * * * * * * * * * * * * * * * * * * * * * * * * * * * * * * * \'Come, my head\'s free at last!\' said Alice.',1,'2013-10-02 19:21:00','2020-09-27 16:56:50'),(162,51,11,'Very soon the Rabbit just under the sea--\' (\'I haven\'t,\' said Alice)--\'and perhaps you haven\'t found it very hard indeed to make out exactly what they WILL do next! As for pulling me out of sight;.',1,'2009-11-11 08:22:38','2021-01-17 16:48:47'),(163,34,50,'The Queen turned angrily away from him, and said to the croquet-ground. The other guests had taken his watch out of its mouth, and addressed her in a thick wood. \'The first thing she heard something.',0,'2017-06-28 06:47:51','2020-06-30 01:43:53'),(164,68,86,'Alice, flinging the baby violently up and saying, \'Thank you, sir, for your interesting story,\' but she remembered trying to fix on one, the cook was leaning over the fire, licking her paws and.',1,'2010-12-10 17:14:40','2021-01-10 05:02:29'),(165,55,68,'QUITE as much as serpents do, you know.\' \'I DON\'T know,\' said the Mouse, who seemed ready to agree to everything that Alice could see it again, but it is.\' \'Then you shouldn\'t talk,\' said the Queen,.',0,'2017-02-23 09:26:54','2020-11-10 10:58:19'),(166,94,4,'Be off, or I\'ll kick you down stairs!\' \'That is not said right,\' said the Caterpillar sternly. \'Explain yourself!\' \'I can\'t go no lower,\' said the Footman, \'and that for the Duchess replied, in a.',1,'2020-07-16 10:44:41','2020-06-10 17:20:38'),(167,51,40,'CHAPTER X. The Lobster Quadrille The Mock Turtle replied, counting off the mushroom, and her eyes to see the Mock Turtle\'s Story \'You can\'t think how glad I am so VERY wide, but she ran with all.',1,'2020-11-03 13:11:49','2020-06-15 06:57:30'),(168,26,84,'I BEG your pardon!\' she exclaimed in a Little Bill It was opened by another footman in livery, with a yelp of delight, which changed into alarm in another moment it was all ridges and furrows; the.',1,'2020-10-14 15:54:56','2021-03-15 02:42:11'),(169,22,16,'Magpie began wrapping itself up and bawled out, \"He\'s murdering the time! Off with his head!\' or \'Off with her head! Off--\' \'Nonsense!\' said Alice, looking down at her as hard as he wore his crown.',1,'2013-05-03 08:02:33','2020-06-12 04:47:27'),(170,75,33,'English. \'I don\'t see,\' said the Mock Turtle angrily: \'really you are very dull!\' \'You ought to have wondered at this, but at any rate,\' said Alice: \'besides, that\'s not a bit afraid of it..',0,'2010-08-04 15:08:49','2021-02-05 16:14:47'),(171,67,78,'There was a sound of a sea of green leaves that had slipped in like herself. \'Would it be of any that do,\' Alice said very humbly; \'I won\'t interrupt again. I dare say there may be different,\' said.',1,'2017-10-17 08:36:32','2021-01-03 17:33:07'),(172,67,27,'Bill,\' she gave a little worried. \'Just about as she had found her way out. \'I shall do nothing of the doors of the treat. When the Mouse to Alice a little wider. \'Come, it\'s pleased so far,\' said.',1,'2015-05-10 14:26:19','2020-04-12 14:06:40'),(173,75,8,'HATED cats: nasty, low, vulgar things! Don\'t let me help to undo it!\' \'I shall sit here,\' the Footman went on again:-- \'You may not have lived much under the sea,\' the Gryphon went on in a fight.',0,'2009-04-13 02:43:31','2021-02-23 02:45:58'),(174,56,37,'THE.',1,'2012-08-18 15:21:20','2020-05-01 19:26:50'),(175,69,61,'ALICE\'S LOVE). Oh dear, what nonsense I\'m talking!\' Just then she heard her sentence three of her head struck against the ceiling, and had just begun to dream that she had got burnt, and eaten up by.',0,'2012-07-27 05:08:30','2020-07-30 00:07:24'),(176,52,86,'I get\" is the capital of Paris, and Paris is the same side of the way--\' \'THAT generally takes some time,\' interrupted the Gryphon. \'Well, I should like to show you! A little bright-eyed terrier,.',0,'2016-06-10 12:00:03','2020-06-17 08:07:38'),(177,81,3,'YOUR adventures.\' \'I could tell you what year it is?\' \'Of course it was,\' the March Hare interrupted, yawning. \'I\'m getting tired of swimming about here, O Mouse!\' (Alice thought this must be the.',1,'2019-01-10 06:17:00','2020-08-28 11:09:09'),(178,96,15,'I wish you were all writing very busily on slates. \'What are they made of?\' \'Pepper, mostly,\' said the Rabbit came near her, she began, rather timidly, as she went on, \'if you don\'t explain it as a.',0,'2011-01-05 12:18:26','2020-10-23 02:17:26'),(179,52,63,'Caucus-race.\' \'What IS the fun?\' said Alice. \'Then it doesn\'t matter a bit,\' she thought it must be a grin, and she drew herself up and rubbed its eyes: then it watched the Queen left off, quite out.',1,'2016-04-30 14:27:25','2020-08-10 03:10:04'),(180,100,7,'Mock Turtle said: \'no wise fish would go round a deal faster than it does.\' \'Which would NOT be an old woman--but then--always to have it explained,\' said the Mock Turtle recovered his voice, and,.',1,'2012-02-25 01:54:41','2020-09-06 08:53:14'),(181,31,94,'It\'s high time to go, for the Duchess said in a sort of way to fly up into a conversation. \'You don\'t know much,\' said the cook. The King and Queen of Hearts, and I could let you out, you know.\'.',1,'2010-02-02 21:29:45','2021-02-07 17:04:19'),(182,10,82,'Queen: so she helped herself to some tea and bread-and-butter, and then I\'ll tell him--it was for bringing the cook and the turtles all advance! They are waiting on the hearth and grinning from ear.',0,'2016-12-09 05:52:38','2021-01-04 19:31:24'),(183,34,36,'There was a dead silence instantly, and Alice was very nearly getting up and walking off to the fifth bend, I think?\' \'I had NOT!\' cried the Mouse, turning to Alice, she went back to my right size:.',0,'2014-05-30 11:08:04','2021-01-02 07:43:36'),(184,66,55,'Dinah, and saying to her ear, and whispered \'She\'s under sentence of execution.\' \'What for?\' said the Mock Turtle a little now and then the other, and growing sometimes taller and sometimes shorter,.',0,'2015-11-19 13:36:51','2021-03-20 07:49:18'),(185,52,40,'Alice again, for she was looking at the Duchess to play with, and oh! ever so many different sizes in a hurry to get in?\' \'There might be some sense in your knocking,\' the Footman continued in the.',0,'2012-07-26 12:03:56','2020-05-06 15:50:13'),(186,88,19,'YOU like cats if you please! \"William the Conqueror, whose cause was favoured by the time they were gardeners, or soldiers, or courtiers, or three pairs of tiny white kid gloves in one hand and a.',0,'2013-10-27 11:10:34','2020-07-28 23:46:20'),(187,17,54,'I can\'t understand it myself to begin with,\' said the Hatter, who turned pale and fidgeted. \'Give your evidence,\' the King very decidedly, and the baby--the fire-irons came first; then followed a.',1,'2020-10-06 08:03:13','2020-10-27 03:37:09'),(188,45,92,'Alice, who felt ready to sink into the jury-box, or they would die. \'The trial cannot proceed,\' said the King; and the bright eager eyes were looking over their heads. She felt very curious to know.',1,'2019-03-07 10:55:28','2021-03-05 07:27:53'),(189,62,100,'Why, there\'s hardly enough of it had made. \'He took me for his housemaid,\' she said to herself how this same little sister of hers would, in the chimney close above her: then, saying to her daughter.',1,'2007-07-26 06:46:11','2021-02-18 23:49:10'),(190,29,30,'King repeated angrily, \'or I\'ll have you executed, whether you\'re a little ledge of rock, and, as the door and went stamping about, and crept a little pattering of feet in a sulky tone; \'Seven.',1,'2017-04-11 14:00:07','2021-02-01 13:35:12'),(191,61,81,'QUITE as much as serpents do, you know.\' He was looking at the White Rabbit read out, at the top of his pocket, and was going to dive in among the trees, a little shriek, and went on muttering over.',0,'2019-10-16 13:50:30','2021-01-20 02:53:25'),(192,16,41,'So she began: \'O Mouse, do you like the look of the Mock Turtle, \'Drive on, old fellow! Don\'t be all day to day.\' This was quite a conversation of it at all. \'But perhaps he can\'t help it,\' she.',0,'2011-10-03 05:11:09','2021-03-30 13:42:01'),(193,83,12,'Queen. First came ten soldiers carrying clubs; these were all talking at once, with a lobster as a last resource, she put them into a large ring, with the other: the Duchess was VERY ugly; and.',0,'2011-08-19 14:22:30','2020-07-06 21:46:34'),(194,56,34,'This seemed to rise like a frog; and both footmen, Alice noticed, had powdered hair that WOULD always get into her head. Still she went on saying to her in the window?\' \'Sure, it\'s an arm, yer.',0,'2014-03-12 15:12:20','2020-04-12 12:43:10'),(195,74,56,'Five, \'and I\'ll tell him--it was for bringing the cook till his eyes were nearly out of breath, and said to herself, and began bowing to the Duchess: \'flamingoes and mustard both bite. And the.',0,'2011-05-09 01:21:04','2020-08-18 02:07:21'),(196,41,5,'When she got into a conversation. \'You don\'t know what to do, and in his turn; and both the hedgehogs were out of a procession,\' thought she, \'what would become of you? I gave her one, they gave him.',1,'2020-01-01 23:43:49','2020-09-21 08:19:35'),(197,50,51,'English. \'I don\'t know of any one; so, when the Rabbit whispered in reply, \'for fear they should forget them before the end of the right-hand bit to try the effect: the next moment a shower of.',1,'2008-03-13 06:49:28','2020-06-06 07:48:17'),(198,86,83,'I look like it?\' he said, turning to Alice, and looking anxiously about her. \'Oh, do let me help to undo it!\' \'I shall be late!\' (when she thought of herself, \'I wonder if I\'ve been changed for any.',1,'2014-06-22 20:59:14','2020-09-05 19:44:03'),(199,87,51,'Alice in a hurried nervous manner, smiling at everything that was trickling down his brush, and had just upset the milk-jug into his plate. Alice did not dare to laugh; and, as a last resource, she.',1,'2017-08-30 00:21:50','2021-02-22 15:38:48'),(200,38,38,'Mock Turtle, \'but if you\'ve seen them so often, you know.\' It was, no doubt: only Alice did not at all know whether it was all very well to say \'Drink me,\' but the Mouse replied rather crossly: \'of.',1,'2017-12-08 22:54:37','2021-01-28 15:38:20');
/*!40000 ALTER TABLE `messages` ENABLE KEYS */;
UNLOCK TABLES;

--
-- Table structure for table `posts`
--

DROP TABLE IF EXISTS `posts`;
/*!40101 SET @saved_cs_client     = @@character_set_client */;
/*!40101 SET character_set_client = utf8 */;
CREATE TABLE `posts` (
  `id` bigint(20) unsigned NOT NULL AUTO_INCREMENT,
  `user_id` bigint(20) unsigned NOT NULL,
  `txt` text COLLATE utf8mb4_unicode_ci NOT NULL,
  `created_at` datetime DEFAULT current_timestamp(),
  `updated_at` datetime DEFAULT NULL ON UPDATE current_timestamp(),
  PRIMARY KEY (`id`),
  KEY `user_idx` (`user_id`),
  CONSTRAINT `user_posts_fk` FOREIGN KEY (`user_id`) REFERENCES `users` (`id`)
) ENGINE=InnoDB AUTO_INCREMENT=101 DEFAULT CHARSET=utf8mb4 COLLATE=utf8mb4_unicode_ci;
/*!40101 SET character_set_client = @saved_cs_client */;

--
-- Dumping data for table `posts`
--

LOCK TABLES `posts` WRITE;
/*!40000 ALTER TABLE `posts` DISABLE KEYS */;
INSERT INTO `posts` VALUES (1,1,'Multiplication Table doesn\'t signify: let\'s try Geography. London is the use of this rope--Will the roof bear?--Mind that loose slate--Oh, it\'s coming down! Heads below!\' (a loud crash)--\'Now, who.','2011-05-22 17:27:24','2013-06-22 23:17:17'),(2,2,'Duchess was VERY ugly; and secondly, because she was small enough to look down and cried. \'Come, there\'s half my plan done now! How puzzling all these strange Adventures of hers that you have to go.','2020-05-06 03:54:24','2013-08-23 15:05:04'),(3,3,'Cat. \'I said pig,\' replied Alice; \'and I do so like that curious song about the temper of your flamingo. Shall I try the thing at all. However, \'jury-men\' would have made a memorandum of the edge.','2018-06-10 03:19:13','2013-02-09 02:53:27'),(4,4,'March Hare will be When they take us up and throw us, with the Lory, who at last she spread out her hand, and made a rush at the March Hare, who had been found and handed back to my right size for.','2010-12-27 23:31:53','2018-03-20 20:56:44'),(5,5,'What would become of me? They\'re dreadfully fond of beheading people here; the great question is, Who in the sand with wooden spades, then a voice she had never had to do THAT in a coaxing tone, and.','2014-01-16 17:19:44','2016-09-06 03:29:04'),(6,6,'No, there were a Duck and a fan! Quick, now!\' And Alice was rather doubtful whether she could not think of nothing else to do, and perhaps as this is May it won\'t be raving mad after all! I almost.','2021-03-29 19:24:15','2018-09-11 21:45:52'),(7,7,'Lobster; I heard him declare, \"You have baked me too brown, I must have prizes.\' \'But who has won?\' This question the Dodo replied very gravely. \'What else have you executed on the look-out for.','2018-08-02 09:20:09','2012-05-02 08:28:07'),(8,8,'CHORUS. \'Wow! wow! wow!\' \'Here! you may stand down,\' continued the Gryphon. \'Of course,\' the Dodo in an undertone to the beginning again?\' Alice ventured to ask. \'Suppose we change the subject of.','2011-08-09 22:24:10','2011-01-18 18:37:02'),(9,9,'Canary called out to sea as you can--\' \'Swim after them!\' screamed the Queen. \'Can you play croquet?\' The soldiers were always getting up and said, without opening its eyes, for it to be a person of.','2013-12-19 12:07:34','2012-08-17 07:45:05'),(10,10,'English,\' thought Alice; \'but a grin without a moment\'s pause. The only things in the window?\' \'Sure, it\'s an arm, yer honour!\' (He pronounced it \'arrum.\') \'An arm, you goose! Who ever saw one that.','2010-04-11 03:00:38','2017-10-28 18:51:39'),(11,11,'I believe.\' \'Boots and shoes under the door; so either way I\'ll get into the darkness as hard as he spoke. \'UNimportant, of course, Alice could see, when she heard something like it,\' said Alice.','2013-11-15 01:04:25','2015-06-27 07:02:10'),(12,12,'I\'ll tell you my adventures--beginning from this morning,\' said Alice to herself, for this time she had not gone much farther before she had read several nice little dog near our house I should have.','2017-09-27 00:29:50','2017-05-27 01:04:21'),(13,13,'Gryphon. \'I\'ve forgotten the Duchess said in a moment like a Jack-in-the-box, and up the fan and gloves. \'How queer it seems,\' Alice said nothing; she had quite forgotten the Duchess sneezed.','2009-01-11 04:09:37','2007-11-27 21:06:47'),(14,14,'ITS WAISTCOAT-POCKET, and looked at Alice, as she ran. \'How surprised he\'ll be when he pleases!\' CHORUS. \'Wow! wow! wow!\' While the Duchess began in a natural way again. \'I wonder what was on the.','2008-03-06 09:10:37','2016-05-21 08:23:36'),(15,15,'And the moral of that is--\"The more there is of yours.\"\' \'Oh, I beg your pardon,\' said Alice as she could, and soon found herself lying on the OUTSIDE.\' He unfolded the paper as he could think of.','2011-06-18 13:48:44','2012-08-11 08:59:46'),(16,16,'Rabbit began. Alice gave a little bit of the sort. Next came the guests, mostly Kings and Queens, and among them Alice recognised the White Rabbit blew three blasts on the table. \'Have some wine,\'.','2016-07-12 14:21:03','2008-02-05 13:58:16'),(17,17,'The Mouse looked at it again: but he now hastily began again, using the ink, that was said, and went back to the shore. CHAPTER III. A Caucus-Race and a large fan in the middle, nursing a baby; the.','2015-03-31 18:09:14','2016-09-27 10:23:01'),(18,18,'The three soldiers wandered about for it, he was speaking, so that by the officers of the court,\" and I never understood what it meant till now.\' \'If that\'s all I can kick a little!\' She drew her.','2008-10-04 13:45:01','2010-03-08 00:44:18'),(19,19,'Queen,\' and she soon made out that part.\' \'Well, at any rate he might answer questions.--How am I to get in?\' she repeated, aloud. \'I shall sit here,\' he said, \'on and off, for days and days.\' \'But.','2015-06-06 09:40:45','2008-10-09 06:26:24'),(20,20,'Cat, and vanished. Alice was not here before,\' said the King, and he poured a little startled when she had known them all her life. Indeed, she had made the whole pack rose up into a chrysalis--you.','2020-05-05 04:40:10','2007-06-16 07:03:39'),(21,21,'Alice could only hear whispers now and then, and holding it to make it stop. \'Well, I\'d hardly finished the guinea-pigs!\' thought Alice. \'I\'m glad they\'ve begun asking riddles.--I believe I can.','2012-09-29 18:34:32','2017-01-20 12:26:03'),(22,22,'Alice. \'Nothing,\' said Alice. \'Call it what you were down here with me! There are no mice in the after-time, be herself a grown woman; and how she would manage it. \'They must go by the whole head.','2009-12-31 02:52:45','2018-07-27 02:58:52'),(23,23,'Alice cautiously replied: \'but I know who I am! But I\'d better take him his fan and two or three pairs of tiny white kid gloves while she was about a foot high: then she noticed a curious dream!\'.','2020-12-02 09:21:41','2020-03-02 22:44:09'),(24,24,'Tortoise, if he would deny it too: but the Gryphon went on just as well. The twelve jurors were writing down \'stupid things!\' on their backs was the Duchess\'s voice died away, even in the.','2013-01-28 18:22:49','2015-08-20 02:53:38'),(25,25,'Digging for apples, yer honour!\' \'Digging for apples, indeed!\' said the Knave, \'I didn\'t know how to spell \'stupid,\' and that he had a wink of sleep these three weeks!\' \'I\'m very sorry you\'ve been.','2014-06-01 01:22:39','2010-11-19 16:35:29'),(26,26,'Alice did not see anything that looked like the wind, and was going to dive in among the bright flower-beds and the little door, so she helped herself to about two feet high: even then she heard a.','2008-02-24 02:23:06','2014-11-11 09:57:35'),(27,27,'She was a sound of a large crowd collected round it: there was a paper label, with the dream of Wonderland of long ago: and how she would catch a bad cold if she meant to take the roof of the jury.','2011-01-20 05:49:49','2013-04-07 09:12:48'),(28,28,'Alice in a sulky tone, as it could go, and broke off a bit of the fact. \'I keep them to sell,\' the Hatter grumbled: \'you shouldn\'t have put it in a helpless sort of chance of her going, though she.','2019-05-13 11:27:02','2009-03-23 22:39:31'),(29,29,'Caterpillar. \'I\'m afraid I\'ve offended it again!\' For the Mouse was speaking, and this Alice thought to herself, \'whenever I eat or drink under the window, she suddenly spread out her hand, and.','2015-09-18 23:38:13','2014-07-09 15:38:06'),(30,30,'Knave, \'I didn\'t write it, and they sat down and saying to herself, \'Now, what am I to do?\' said Alice. \'Oh, don\'t bother ME,\' said the Cat, \'a dog\'s not mad. You grant that?\' \'I suppose so,\' said.','2017-02-03 01:37:18','2007-12-01 23:43:18'),(31,31,'Alice indignantly, and she was to get rather sleepy, and went on saying to herself \'That\'s quite enough--I hope I shan\'t grow any more--As it is, I can\'t get out of the Queen\'s hedgehog just now,.','2013-10-09 08:46:41','2010-11-26 17:14:46'),(32,32,'March Hare said--\' \'I didn\'t!\' the March Hare. \'Yes, please do!\' but the Mouse was swimming away from him, and said anxiously to herself, being rather proud of it: \'No room! No room!\' they cried out.','2013-05-13 16:38:31','2020-12-21 13:40:59'),(33,33,'The Dormouse shook itself, and was going to say,\' said the Hatter. \'Nor I,\' said the Duchess: \'and the moral of that is--\"Be what you like,\' said the Caterpillar angrily, rearing itself upright as.','2014-07-05 14:57:09','2018-12-20 14:19:13'),(34,34,'I\'m afraid, but you might catch a bad cold if she had peeped into the sky all the first day,\' said the King. The White Rabbit returning, splendidly dressed, with a great interest in questions of.','2015-07-25 02:34:34','2009-06-03 01:30:42'),(35,35,'Alice. One of the words did not at all a pity. I said \"What for?\"\' \'She boxed the Queen\'s ears--\' the Rabbit was no \'One, two, three, and away,\' but they all stopped and looked at the corners: next.','2015-11-02 09:06:19','2014-03-10 00:26:46'),(36,36,'SWIM--\" you can\'t swim, can you?\' he added, turning to the rose-tree, she went on. \'Would you tell me,\' said Alice, \'because I\'m not myself, you see.\' \'I don\'t know of any use, now,\' thought Alice,.','2011-09-07 03:16:27','2015-11-04 06:04:28'),(37,37,'Alice. \'I\'ve tried every way, and the arm that was trickling down his brush, and had been anxiously looking across the field after it, and burning with curiosity, she ran with all her coaxing..','2019-02-06 17:54:01','2014-05-16 22:35:42'),(38,38,'Seven flung down his cheeks, he went on, without attending to her; \'but those serpents! There\'s no pleasing them!\' Alice was so ordered about by mice and rabbits. I almost wish I\'d gone to see if.','2010-03-11 22:37:05','2009-04-26 21:57:33'),(39,39,'Just at this corner--No, tie \'em together first--they don\'t reach half high enough yet--Oh! they\'ll do next! If they had any sense, they\'d take the place where it had come back in their paws. \'And.','2015-03-22 07:28:29','2017-05-10 23:47:55'),(40,40,'Gryphon, half to herself, for this time she had nothing else to do, and perhaps as this is May it won\'t be raving mad--at least not so mad as it was labelled \'ORANGE MARMALADE\', but to her in a.','2018-01-03 09:22:52','2017-01-14 07:34:01'),(41,41,'Queen to play croquet with the Gryphon. \'Well, I never heard before, \'Sure then I\'m here! Digging for apples, indeed!\' said the Caterpillar took the place of the house down!\' said the King..','2010-10-27 21:49:49','2008-12-07 18:42:49'),(42,42,'King said, turning to Alice an excellent plan, no doubt, and very neatly and simply arranged; the only difficulty was, that anything that had fluttered down from the Queen never left off writing on.','2010-03-28 10:56:56','2012-03-14 18:07:50'),(43,43,'Her chin was pressed hard against it, that attempt proved a failure. Alice heard the King sharply. \'Do you play croquet?\' The soldiers were always getting up and walking away. \'You insult me by.','2016-10-30 08:49:15','2012-07-23 12:51:27'),(44,44,'I don\'t care which happens!\' She ate a little quicker. \'What a curious plan!\' exclaimed Alice. \'That\'s the reason so many lessons to learn! Oh, I shouldn\'t like THAT!\' \'Oh, you foolish Alice!\' she.','2009-01-13 01:15:26','2016-01-17 22:08:37'),(45,45,'WOULD not remember the simple and loving heart of her little sister\'s dream. The long grass rustled at her as hard as he came, \'Oh! the Duchess, \'chop off her knowledge, as there seemed to have no.','2007-10-07 18:17:41','2015-08-27 20:07:21'),(46,46,'Caterpillar, just as well be at school at once.\' And in she went. Once more she found that her flamingo was gone in a languid, sleepy voice. \'Who are YOU?\' Which brought them back again to the.','2013-09-23 04:15:11','2013-08-01 11:32:22'),(47,47,'Alice started to her in a hurry to change the subject,\' the March Hare went on. \'Would you tell me, please, which way I want to go near the centre of the jurors had a consultation about this, and.','2015-12-25 16:32:13','2011-04-24 05:40:53'),(48,48,'Alice and all dripping wet, cross, and uncomfortable. The first witness was the same as the whole party look so grave that she let the jury--\' \'If any one of them can explain it,\' said Alice, \'I\'ve.','2008-10-04 22:06:21','2016-01-17 07:40:47'),(49,49,'Alice went on eagerly. \'That\'s enough about lessons,\' the Gryphon never learnt it.\' \'Hadn\'t time,\' said the last time she had expected: before she made her feel very sleepy and stupid), whether the.','2020-10-17 01:19:39','2016-12-23 03:29:27'),(50,50,'Alice, and sighing. \'It IS the fun?\' said Alice. \'Then it doesn\'t matter much,\' thought Alice, \'to speak to this last remark that had fluttered down from the shock of being all alone here!\' As she.','2013-03-02 20:07:00','2008-01-14 17:26:34'),(51,51,'No room!\' they cried out when they saw the Mock Turtle to sing this:-- \'Beautiful Soup, so rich and green, Waiting in a wondering tone. \'Why, what a delightful thing a Lobster Quadrille is!\' \'No,.','2016-12-12 09:28:22','2012-01-23 02:05:31'),(52,52,'Alice replied, so eagerly that the meeting adjourn, for the baby, and not to be patted on the back. At last the Mock Turtle in the kitchen that did not like the tone of the lefthand bit. * * * * * *.','2020-11-26 22:57:57','2020-08-14 17:37:09'),(53,53,'VERY tired of this. I vote the young lady tells us a story!\' said the King. \'I can\'t remember half of fright and half believed herself in Wonderland, though she felt a very short time the Queen.','2017-04-22 06:29:30','2015-01-23 01:37:47'),(54,54,'I see\"!\' \'You might just as well say,\' added the Dormouse, not choosing to notice this question, but hurriedly went on, half to itself, \'Oh dear! Oh dear! I shall ever see you any more!\' And here.','2008-08-22 17:03:17','2009-12-24 13:00:08'),(55,55,'Gryphon, before Alice could hear the rattle of the tail, and ending with the Gryphon. Alice did not see anything that looked like the look of the garden, called out as loud as she listened, or.','2008-08-10 06:42:12','2007-06-14 14:36:16'),(56,56,'But her sister kissed her, and the Gryphon hastily. \'Go on with the grin, which remained some time without hearing anything more: at last turned sulky, and would only say, \'I am older than you, and.','2011-11-09 15:21:43','2016-07-25 15:59:16'),(57,57,'It was all finished, the Owl, as a boon, Was kindly permitted to pocket the spoon: While the Panther received knife and fork with a little three-legged table, all made a dreadfully ugly child: but.','2012-08-08 13:50:33','2008-08-21 21:48:00'),(58,58,'Pigeon in a more subdued tone, and everybody else. \'Leave off that!\' screamed the Gryphon. \'We can do without lobsters, you know. Which shall sing?\' \'Oh, YOU sing,\' said the Mock Turtle, suddenly.','2016-04-15 07:18:05','2018-01-05 20:56:16'),(59,59,'Alice, \'it\'ll never do to come before that!\' \'Call the next witness!\' said the Hatter. \'He won\'t stand beating. Now, if you could see her after the birds! Why, she\'ll eat a bat?\' when suddenly,.','2008-03-01 15:30:51','2010-01-24 12:56:19'),(60,60,'Queen. First came ten soldiers carrying clubs; these were ornamented all over their shoulders, that all the same, the next moment a shower of saucepans, plates, and dishes. The Duchess took no.','2020-08-19 09:09:33','2009-05-18 20:21:02'),(61,61,'I shan\'t! YOU do it!--That I won\'t, then!--Bill\'s to go with Edgar Atheling to meet William and offer him the crown. William\'s conduct at first she would gather about her and to stand on their.','2018-11-29 21:30:37','2007-12-28 01:47:33'),(62,62,'THAT in a tone of this ointment--one shilling the box-- Allow me to sell you a couple?\' \'You are old,\' said the Hatter: \'let\'s all move one place on.\' He moved on as he shook both his shoes off..','2020-12-06 10:04:19','2013-04-26 17:31:45'),(63,63,'Mock Turtle a little nervous about it while the Mock Turtle replied in an undertone to the Dormouse, after thinking a minute or two the Caterpillar sternly. \'Explain yourself!\' \'I can\'t go no.','2020-11-23 15:27:58','2009-10-30 12:58:56'),(64,64,'MARMALADE\', but to get her head through the glass, and she went on, \'--likely to win, that it\'s hardly worth while finishing the game.\' The Queen turned crimson with fury, and, after folding his.','2015-08-03 17:22:43','2017-06-03 03:31:06'),(65,65,'RABBIT\' engraved upon it. She felt that this could not even get her head to keep herself from being broken. She hastily put down the bottle, she found a little before she had but to open them again,.','2016-07-02 10:01:26','2016-10-02 18:04:36'),(66,66,'This is the driest thing I know. Silence all round, if you could manage it?) \'And what are they doing?\' Alice whispered to the jury. \'Not yet, not yet!\' the Rabbit actually TOOK A WATCH OUT OF ITS.','2017-07-25 17:13:58','2007-12-22 23:23:05'),(67,67,'Rabbit whispered in a great thistle, to keep back the wandering hair that curled all over with fright. \'Oh, I beg your pardon!\' she exclaimed in a hurry that she had finished, her sister sat still.','2012-06-27 14:54:18','2009-11-10 09:25:37'),(68,68,'Cat. \'I said pig,\' replied Alice; \'and I do wonder what Latitude was, or Longitude I\'ve got to go down the middle, nursing a baby; the cook and the bright flower-beds and the three gardeners at it,.','2009-07-16 02:08:00','2011-07-17 02:22:02'),(69,69,'Gryphon, with a kind of serpent, that\'s all the creatures wouldn\'t be in before the trial\'s over!\' thought Alice. \'I wonder how many miles I\'ve fallen by this time?\' she said aloud. \'I must be.','2016-05-15 08:42:09','2013-12-11 01:16:51'),(70,70,'Duchess asked, with another dig of her childhood: and how she would have called him Tortoise because he taught us,\' said the King, the Queen, the royal children, and everybody else. \'Leave off.','2007-04-13 04:47:43','2020-12-01 16:25:30'),(71,71,'Alice rather unwillingly took the hookah out of that is--\"Birds of a good deal: this fireplace is narrow, to be a footman because he taught us,\' said the Mock Turtle. So she tucked it away under her.','2007-04-29 17:25:42','2009-08-01 07:10:25'),(72,72,'Hatter. \'He won\'t stand beating. Now, if you wouldn\'t mind,\' said Alice: \'I don\'t much care where--\' said Alice. \'Call it what you would seem to encourage the witness at all: he kept shifting from.','2008-07-14 08:15:35','2014-08-26 17:04:36'),(73,73,'Please, Ma\'am, is this New Zealand or Australia?\' (and she tried her best to climb up one of the Lobster; I heard him declare, \"You have baked me too brown, I must be a footman in livery, with a.','2014-06-12 07:26:51','2014-10-24 00:18:11'),(74,74,'I was a dispute going on rather better now,\' she said, by way of expecting nothing but a pack of cards: the Knave of Hearts, carrying the King\'s crown on a little startled when she heard something.','2011-11-24 01:31:38','2008-08-14 18:42:08'),(75,75,'Turtle replied, counting off the cake. * * * * * * * * * * * * * * * * * * * * * * * * * * * * * * * * * * * * * * CHAPTER II. The Pool of Tears \'Curiouser and curiouser!\' cried Alice in a Little.','2010-02-05 07:12:57','2009-06-27 07:19:56'),(76,76,'She was close behind her, listening: so she helped herself to some tea and bread-and-butter, and then they both cried. \'Wake up, Dormouse!\' And they pinched it on both sides of it; then Alice put.','2014-11-02 18:21:48','2015-06-12 03:04:47'),(77,77,'This time there were three gardeners instantly threw themselves flat upon their faces, so that altogether, for the end of your nose-- What made you so awfully clever?\' \'I have answered three.','2016-08-26 00:29:38','2007-08-27 14:58:39'),(78,78,'Alice cautiously replied, not feeling at all like the wind, and was surprised to see what I see\"!\' \'You might just as I get it home?\' when it grunted again, so that they couldn\'t see it?\' So she was.','2015-09-06 15:49:42','2019-11-14 12:28:52'),(79,79,'I think I may as well go back, and barking hoarsely all the while, and fighting for the pool as it is.\' \'Then you may SIT down,\' the King said, with a large ring, with the bread-knife.\' The March.','2012-10-24 01:05:42','2017-10-30 14:46:20'),(80,80,'Alice, feeling very curious to know your history, you know,\' said the Queen, and Alice was more and more sounds of broken glass, from which she had not gone much farther before she got used to it in.','2011-05-12 11:07:19','2021-04-03 19:35:46'),(81,81,'Latin Grammar, \'A mouse--of a mouse--to a mouse--a mouse--O mouse!\') The Mouse only growled in reply. \'That\'s right!\' shouted the Queen had only one who had got to the Queen, who were giving it.','2019-07-27 20:08:06','2009-04-21 02:29:39'),(82,82,'MYSELF, I\'m afraid, sir\' said Alice, swallowing down her anger as well as pigs, and was immediately suppressed by the officers of the trees had a pencil that squeaked. This of course, to begin.','2020-04-08 22:24:39','2013-03-10 06:50:41'),(83,83,'The first witness was the Rabbit say to itself in a large ring, with the Gryphon. \'Well, I never was so much at this, but at last came a little snappishly. \'You\'re enough to get out of its mouth and.','2016-07-28 21:33:45','2010-09-09 20:47:03'),(84,84,'Cat, \'a dog\'s not mad. You grant that?\' \'I suppose so,\' said the Hatter; \'so I can\'t see you?\' She was looking up into the air. This time Alice waited patiently until it chose to speak first, \'why.','2017-06-22 06:57:27','2013-02-22 22:41:15'),(85,85,'Alice was just possible it had entirely disappeared; so the King said, for about the reason so many lessons to learn! Oh, I shouldn\'t want YOURS: I don\'t know,\' he went on, \'What HAVE you been doing.','2012-01-31 08:14:03','2012-01-16 21:20:42'),(86,86,'The Hatter was the Hatter. \'I told you that.\' \'If I\'d been the right distance--but then I wonder what you\'re doing!\' cried Alice, quite forgetting that she had to ask his neighbour to tell its age,.','2013-10-18 22:00:26','2011-12-07 03:49:55'),(87,87,'AND WASHING--extra.\"\' \'You couldn\'t have wanted it much,\' said the Duchess, who seemed too much frightened that she never knew whether it would all come wrong, and she jumped up in a melancholy.','2013-09-16 08:08:53','2012-11-20 01:43:52'),(88,88,'Alice sadly. \'Hand it over afterwards, it occurred to her in such long curly brown hair! And it\'ll fetch things when you throw them, and all must have a prize herself, you know,\' the Hatter.','2018-08-10 23:05:14','2008-08-17 04:30:56'),(89,89,'I did: there\'s no room to open it; but, as the question was evidently meant for her. \'I can see you\'re trying to fix on one, the cook tulip-roots instead of the crowd below, and there she saw them,.','2013-12-22 16:04:18','2018-03-21 17:53:40'),(90,90,'I to get us dry would be grand, certainly,\' said Alice, a little startled when she noticed that the poor child, \'for I can\'t tell you more than that, if you could see her after the others. \'We must.','2011-05-24 18:41:16','2012-03-11 00:32:12'),(91,91,'Would not, could not make out who I am! But I\'d better take him his fan and two or three of her little sister\'s dream. The long grass rustled at her as she swam nearer to make it stop. \'Well, I\'d.','2012-06-14 06:50:42','2013-03-09 09:34:13'),(92,92,'Time!\' \'Perhaps not,\' Alice replied in an undertone, \'important--unimportant--unimportant--important--\' as if she meant to take MORE than nothing.\' \'Nobody asked YOUR opinion,\' said Alice. \'Of.','2012-03-24 06:03:19','2010-11-02 07:06:13'),(93,93,'I\'m perfectly sure I don\'t know the meaning of half those long words, and, what\'s more, I don\'t like it, yer honour, at all, as the hall was very fond of pretending to be a queer thing, to be an.','2009-02-20 17:29:47','2018-04-21 08:07:10'),(94,94,'That your eye was as much right,\' said the Duck. \'Found IT,\' the Mouse to tell you--all I know who I WAS when I breathe\"!\' \'It IS a Caucus-race?\' said Alice; \'you needn\'t be so easily offended!\'.','2014-07-01 10:15:07','2014-01-02 00:18:39'),(95,95,'England the nearer is to find my way into a tree. \'Did you say pig, or fig?\' said the Caterpillar. \'Well, I\'ve tried hedges,\' the Pigeon in a trembling voice, \'--and I hadn\'t drunk quite so much!\'.','2010-06-20 17:07:51','2014-02-16 23:05:48'),(96,96,'How puzzling all these strange Adventures of hers that you weren\'t to talk nonsense. The Queen\'s Croquet-Ground A large rose-tree stood near the house till she had been found and handed them round.','2007-09-06 16:19:00','2008-02-21 00:19:21'),(97,97,'A bright idea came into Alice\'s head. \'Is that all?\' said the Hatter: \'as the things get used up.\' \'But what happens when one eats cake, but Alice had learnt several things of this was not a moment.','2012-09-14 17:39:44','2014-09-24 12:29:27'),(98,98,'FOOT, ESQ. HEARTHRUG, NEAR THE FENDER, (WITH ALICE\'S LOVE). Oh dear, what nonsense I\'m talking!\' Just then she remembered how small she was quite impossible to say \'Drink me,\' but the cook till his.','2018-02-04 03:56:27','2010-12-14 21:45:53'),(99,99,'So they began moving about again, and that\'s all I can listen all day to day.\' This was such a subject! Our family always HATED cats: nasty, low, vulgar things! Don\'t let him know she liked them.','2020-11-02 02:07:04','2017-12-04 18:34:33'),(100,100,'What made you so awfully clever?\' \'I have answered three questions, and that if something wasn\'t done about it while the Mock Turtle\'s heavy sobs. Lastly, she pictured to herself how she would feel.','2013-08-26 22:10:24','2012-11-28 23:27:44');
/*!40000 ALTER TABLE `posts` ENABLE KEYS */;
UNLOCK TABLES;

--
-- Table structure for table `posts_likes`
--

DROP TABLE IF EXISTS `posts_likes`;
/*!40101 SET @saved_cs_client     = @@character_set_client */;
/*!40101 SET character_set_client = utf8 */;
CREATE TABLE `posts_likes` (
  `post_id` bigint(20) unsigned NOT NULL,
  `user_id` bigint(20) unsigned NOT NULL,
  `like_type` tinyint(1) DEFAULT 1,
  PRIMARY KEY (`post_id`,`user_id`),
  KEY `post_idx` (`post_id`),
  KEY `user_idx` (`user_id`),
  CONSTRAINT `posts_likes_fk` FOREIGN KEY (`post_id`) REFERENCES `posts` (`id`),
  CONSTRAINT `users_likes_fk` FOREIGN KEY (`user_id`) REFERENCES `users` (`id`)
) ENGINE=InnoDB DEFAULT CHARSET=utf8mb4 COLLATE=utf8mb4_unicode_ci;
/*!40101 SET character_set_client = @saved_cs_client */;

--
-- Dumping data for table `posts_likes`
--

LOCK TABLES `posts_likes` WRITE;
/*!40000 ALTER TABLE `posts_likes` DISABLE KEYS */;
INSERT INTO `posts_likes` VALUES (1,36,1),(1,66,1),(1,89,0),(2,22,0),(2,27,1),(4,17,0),(5,9,0),(5,47,0),(6,35,0),(7,13,0),(7,29,0),(7,33,1),(8,17,1),(8,86,0),(9,4,1),(9,28,1),(9,46,1),(9,91,0),(9,95,1),(10,85,0),(11,45,1),(13,4,0),(13,8,1),(14,48,0),(14,66,0),(16,14,0),(16,26,1),(16,83,0),(17,90,1),(18,30,0),(18,100,0),(19,52,0),(19,84,0),(20,70,1),(20,84,1),(21,21,0),(21,40,1),(21,62,0),(22,28,0),(22,72,0),(22,82,0),(23,34,1),(24,55,1),(24,76,1),(25,2,1),(25,42,1),(27,22,0),(27,29,0),(27,63,0),(28,96,1),(30,75,1),(31,6,0),(33,81,1),(34,52,1),(35,2,1),(35,74,1),(35,80,1),(35,94,0),(36,42,0),(37,19,1),(37,70,1),(37,95,1),(38,10,0),(38,12,0),(38,93,0),(39,15,0),(39,47,1),(39,51,1),(39,56,0),(39,82,1),(40,64,0),(40,67,0),(40,100,1),(42,21,1),(42,33,0),(42,41,1),(43,81,0),(44,65,0),(44,68,0),(44,77,1),(45,11,0),(45,73,0),(47,57,0),(48,11,0),(48,18,1),(48,67,1),(49,44,0),(49,74,1),(49,97,1),(49,98,0),(50,23,1),(51,12,1),(51,46,1),(52,45,0),(53,9,0),(53,37,1),(53,60,0),(53,93,1),(54,71,0),(55,19,1),(56,20,1),(56,38,0),(56,76,0),(56,88,0),(57,15,0),(57,16,1),(57,27,0),(57,54,0),(58,26,0),(58,40,0),(58,87,0),(59,5,1),(59,50,0),(60,48,1),(60,59,1),(60,94,0),(60,97,1),(62,3,0),(62,10,0),(62,25,0),(62,31,0),(62,72,1),(64,71,1),(65,61,1),(66,91,1),(66,92,1),(67,88,1),(68,37,1),(68,78,1),(69,1,1),(69,7,0),(69,44,1),(69,79,1),(69,83,0),(70,1,1),(70,5,1),(70,51,0),(70,69,1),(70,75,1),(70,92,1),(71,16,0),(71,43,0),(72,57,0),(72,64,0),(72,99,0),(73,6,1),(73,30,1),(73,56,1),(73,73,1),(73,89,0),(73,90,1),(74,24,1),(75,7,1),(75,32,0),(75,50,1),(75,78,0),(76,13,1),(76,65,0),(77,36,1),(77,53,1),(78,99,1),(80,8,1),(80,20,0),(80,38,1),(80,58,1),(80,62,0),(80,69,1),(81,39,0),(82,59,1),(82,96,0),(83,18,1),(83,79,0),(85,98,1),(86,14,1),(86,53,1),(87,25,1),(88,23,1),(88,35,1),(89,39,1),(89,54,1),(91,24,0),(92,49,0),(92,55,1),(92,87,0),(93,41,1),(93,58,0),(93,86,1),(95,43,1),(95,63,1),(95,85,1),(96,34,1),(97,32,1),(97,68,1),(98,3,0),(98,61,1),(98,80,0),(99,31,0),(99,49,1),(99,60,1),(99,77,1);
/*!40000 ALTER TABLE `posts_likes` ENABLE KEYS */;
UNLOCK TABLES;

--
-- Table structure for table `profiles`
--

DROP TABLE IF EXISTS `profiles`;
/*!40101 SET @saved_cs_client     = @@character_set_client */;
/*!40101 SET character_set_client = utf8 */;
CREATE TABLE `profiles` (
  `user_id` bigint(20) unsigned NOT NULL,
  `gender` enum('f','m','x') COLLATE utf8mb4_unicode_ci NOT NULL,
  `birthday` date NOT NULL,
  `photo_id` bigint(20) unsigned DEFAULT NULL,
  `user_status` varchar(30) COLLATE utf8mb4_unicode_ci DEFAULT NULL,
  `city` varchar(130) COLLATE utf8mb4_unicode_ci DEFAULT NULL,
  `country` varchar(130) COLLATE utf8mb4_unicode_ci DEFAULT NULL,
  PRIMARY KEY (`user_id`),
  UNIQUE KEY `photo_id` (`photo_id`),
  CONSTRAINT `fk_profiles_media` FOREIGN KEY (`photo_id`) REFERENCES `media` (`id`),
  CONSTRAINT `fk_profiles_users` FOREIGN KEY (`user_id`) REFERENCES `users` (`id`)
) ENGINE=InnoDB DEFAULT CHARSET=utf8mb4 COLLATE=utf8mb4_unicode_ci;
/*!40101 SET character_set_client = @saved_cs_client */;

--
-- Dumping data for table `profiles`
--

LOCK TABLES `profiles` WRITE;
/*!40000 ALTER TABLE `profiles` DISABLE KEYS */;
INSERT INTO `profiles` VALUES (1,'f','1989-08-02',94,'Deleniti est doloribus maiores','Tillmanchester','Saint Vincent and the Grenadines'),(2,'m','1961-08-11',42,'Molestias qui fuga aut volupta','Breitenbergport','Morocco'),(3,'m','1977-07-27',53,'Voluptatibus eaque modi eos ev','Diannaland','Burundi'),(5,'m','1964-12-23',81,'Tempora fuga nemo non voluptat','Hughfurt','Saudi Arabia'),(6,'x','1970-11-11',33,'A magni tempore delectus omnis','Port Genemouth','Paraguay'),(7,'x','1982-09-09',72,'Omnis nihil molestias rerum ma','Lake Cathryn','British Virgin Islands'),(8,'f','1978-10-22',43,'Nam molestias dolores incidunt','Watersshire','Serbia'),(9,'m','1978-03-21',56,'Nostrum dolor enim voluptatem ','Rossieville','Antarctica (the territory South of 60 deg S)'),(10,'m','1968-07-03',11,'Aut odit ut laudantium veritat','Port Gaymouth','Australia'),(11,'x','1953-12-05',6,'Perferendis reprehenderit even','Lednerchester','Paraguay'),(13,'x','1993-03-28',39,'Laborum maiores accusantium eo','North Rico','Albania'),(14,'x','1962-12-30',14,'Animi facilis placeat ea quae ','Shieldsborough','Bolivia'),(15,'x','1989-07-24',85,'Consequatur quaerat aut non pl','Port Jarod','Bolivia'),(16,'x','2009-04-04',76,'Aut culpa est culpa qui facili','Glennieton','Jordan'),(17,'f','1971-05-10',18,'Dolorum aut soluta animi vel d','Lake Janiyamouth','Canada'),(18,'f','1993-12-03',35,'Perferendis occaecati et persp','Thielport','Cuba'),(19,'f','1971-03-20',80,'Aperiam ullam laudantium reici','North Llewellynville','Honduras'),(20,'f','1996-02-07',8,'Mollitia totam temporibus offi','Port Kailee','Bosnia and Herzegovina'),(21,'x','1994-08-07',54,'Nulla ea qui similique. Magnam','South Heatherfurt','British Virgin Islands'),(22,'m','1983-01-31',28,'Sed ullam cumque fugiat laboru','Port Hazelfort','Solomon Islands'),(23,'f','1991-01-24',7,'Provident et quia nisi volupta','North Robinland','Comoros'),(25,'x','1987-10-04',100,'Non reiciendis ratione aut lab','North Cooper','Grenada'),(26,'m','1975-01-13',84,'Nisi rem exercitationem ipsam ','Kochport','Thailand'),(27,'f','1978-10-18',12,'Quia sequi reprehenderit neces','West Kamron','Belgium'),(28,'x','1990-09-22',73,'Quod laudantium fugiat pariatu','Powlowskiton','Venezuela'),(29,'m','1984-04-06',21,'Dolore doloremque et et dolor ','Anabelchester','Albania'),(31,'x','1969-03-16',79,'Aut quod velit consequatur asp','West Rosaleemouth','Jordan'),(33,'f','1973-06-23',22,'In eum numquam nobis sed quibu','Brownfurt','Pakistan'),(34,'f','1984-03-07',32,'Cum magni perferendis numquam ','Mitchellfurt','United Arab Emirates'),(36,'x','1998-05-29',2,'Sed odio eaque rerum. Iste vel','East Sunny','Lebanon'),(37,'x','1980-09-18',65,'Ipsa aspernatur sapiente dolor','Lake Marilieton','Uzbekistan'),(39,'x','1982-08-18',45,'Et numquam quibusdam eaque vel','Altenwerthland','Nepal'),(40,'f','2005-10-19',20,'Eum iure amet sed sit quo sunt','Lake Shaniyaburgh','Sao Tome and Principe'),(41,'x','1971-03-04',90,'Voluptatem rerum molestiae sed','Lake Diontown','Heard Island and McDonald Islands'),(42,'m','1970-03-24',51,'Sit facilis ut voluptas et. Co','South Lucienne','Canada'),(43,'m','1971-01-10',1,'Dolor odit aperiam consequuntu','East Jayceborough','United States Minor Outlying Islands'),(45,'x','2001-11-25',64,'Nemo voluptatibus enim autem e','West Gabriellafort','Kenya'),(47,'f','2009-10-07',4,'Et qui consequatur aut laudant','Roslynchester','Montserrat'),(48,'f','1989-11-13',82,'Et doloremque quam aspernatur.','Kovacekton','El Salvador'),(50,'m','1966-05-11',83,'Dolores maxime inventore nostr','Schillermouth','Northern Mariana Islands'),(51,'f','2002-02-01',89,'Sed laboriosam asperiores temp','New Reaganborough','Vanuatu'),(52,'x','1972-09-22',74,'Dolores voluptatem quibusdam e','South Bobby','Christmas Island'),(54,'x','1998-09-06',96,'Debitis error et quo impedit. ','West Hillaryside','Taiwan'),(55,'m','1983-08-13',55,'Occaecati qui consequatur veri','North Deondrestad','Bangladesh'),(56,'f','1976-10-29',10,'Velit fugit et eos sequi. Vel ','Williamsonbury','Grenada'),(58,'m','1997-08-20',67,'Ut et earum cupiditate quo vol','Johnsonburgh','Croatia'),(61,'m','1970-07-14',46,'Quia laborum consequuntur quia','Rupertbury','Switzerland'),(62,'x','1980-02-25',61,'Libero et et voluptas non aut ','Williamsonbury','Saint Lucia'),(65,'f','1964-04-22',93,'Cum dignissimos non animi quod','Pagacstad','Tajikistan'),(67,'m','2006-03-12',69,'Deleniti amet ut eligendi poss','South Cheyanne','Switzerland'),(68,'m','1971-05-13',57,'Voluptatem ut magni asperiores','Huelmouth','El Salvador'),(82,'x','1990-04-19',99,'Aspernatur reprehenderit et vo','Cedrickberg','Cyprus'),(86,'f','1990-11-03',9,'Occaecati odio dolor veniam ve','East Tressaborough','Guinea-Bissau'),(87,'x','1953-07-01',23,'Itaque sed repellat nobis. Sit','West Constance','Lesotho'),(89,'x','2008-04-01',75,'Modi iusto consectetur et labo','Glenburgh','Lao People\'s Democratic Republic'),(90,'m','1989-01-31',5,'Id maiores quam eum quaerat. A','West Myra','United States Virgin Islands'),(93,'f','1981-09-16',66,'Dolores fugiat et vero et exer','Jenkinsmouth','United States Minor Outlying Islands'),(94,'f','1991-04-27',88,'Delectus et deleniti officia e','East Jo','Belarus'),(95,'m','1998-09-18',86,'Tempora non molestiae at quos ','West Chelseyborough','Gibraltar'),(96,'x','1957-05-09',58,'Reprehenderit in commodi a neq','New Dimitri','Slovakia (Slovak Republic)'),(99,'x','2005-12-14',15,'Assumenda ea delectus harum ar','Christopherborough','Honduras');
/*!40000 ALTER TABLE `profiles` ENABLE KEYS */;
UNLOCK TABLES;

--
-- Table structure for table `users`
--

DROP TABLE IF EXISTS `users`;
/*!40101 SET @saved_cs_client     = @@character_set_client */;
/*!40101 SET character_set_client = utf8 */;
CREATE TABLE `users` (
  `id` bigint(20) unsigned NOT NULL AUTO_INCREMENT,
  `first_name` varchar(145) COLLATE utf8mb4_unicode_ci NOT NULL,
  `last_name` varchar(145) COLLATE utf8mb4_unicode_ci NOT NULL,
  `email` varchar(145) COLLATE utf8mb4_unicode_ci NOT NULL,
  `phone` char(11) COLLATE utf8mb4_unicode_ci NOT NULL,
  `password_hash` char(65) COLLATE utf8mb4_unicode_ci DEFAULT NULL,
  `created_at` datetime NOT NULL DEFAULT current_timestamp(),
  PRIMARY KEY (`id`),
  UNIQUE KEY `email_idx` (`email`),
  UNIQUE KEY `phone_idx` (`phone`)
) ENGINE=InnoDB AUTO_INCREMENT=101 DEFAULT CHARSET=utf8mb4 COLLATE=utf8mb4_unicode_ci;
/*!40101 SET character_set_client = @saved_cs_client */;

--
-- Dumping data for table `users`
--

LOCK TABLES `users` WRITE;
/*!40000 ALTER TABLE `users` DISABLE KEYS */;
INSERT INTO `users` VALUES (1,'Yolanda','Lueilwitz','tiffany68@example.com','89376051734','2501193f8541d7b6824334ad86b5f96e6a9b9308','2012-08-31 07:33:18'),(2,'Enos','Lebsack','alessandra.adams@example.org','89362477275','ab2e8f19f21b18eda464b03cd1b28c06027f2252','2009-11-15 20:27:38'),(3,'Martin','Zulauf','osbaldo.feeney@example.net','89443615485','8b5ba4f4921f09d6bac6d71e709dca2414679941','2020-10-23 07:54:11'),(4,'Rozella','Ledner','botsford.darrick@example.net','89556983555','e3fecea044eea5282b2666793a25d00b79d1647e','2010-07-10 21:01:19'),(5,'Lyla','Kuhlman','maureen.hahn@example.net','89863396493','96ff5ae80edeb6d3d94aa5a4a9d3cdd460d226c1','2021-03-26 05:12:41'),(6,'Vesta','Stark','ullrich.maia@example.org','89965273095','cf4a0a8d00e7b7da2446658ff8031dfa8d57effe','2015-08-17 00:55:06'),(7,'Cynthia','Jacobson','darian.predovic@example.org','89915244874','73231315088b43fcb26bf682034713aeec6a6c1f','2016-04-03 19:03:32'),(8,'Roselyn','Wyman','isabelle28@example.net','89811630070','263519d1df77c266cec0f3718e519c38c9efa6d0','2017-01-09 03:20:56'),(9,'Tomasa','Ziemann','sawayn.dedrick@example.com','89606439300','166cb7322d95d6214a2e18f5c89b8ddea1459e9f','2015-12-02 09:10:47'),(10,'Louie','Berge','bartoletti.cathryn@example.net','89894776374','1ea3e0a63d012e0fa826683afd9b0172a965cac1','2011-04-25 16:26:33'),(11,'Jalyn','Keeling','brionna.collier@example.com','89742583935','bbf7f2a003177fce59d887dc2a61996fb7b8ffdb','2014-09-06 10:04:06'),(12,'Evans','Stehr','jones.josefina@example.org','89686892318','59d97f7a7ec4ce2d35e965ad1811e95552069640','2019-09-04 08:39:01'),(13,'Kieran','Kuhlman','johnpaul53@example.org','89754628999','ee3c139b89e87f25e549ea0c965fc6e90021d37b','2017-10-19 16:11:28'),(14,'Morris','Grant','josiah54@example.org','89803321866','7576e7ec3f5b49b89851133ec2bdf14b5d545d5f','2014-05-08 21:46:14'),(15,'Tamara','Cronin','genesis26@example.net','89912578752','4415627561c27acd6de49148925027d0aec7c0b2','2015-11-09 07:45:21'),(16,'Dashawn','Reichel','steuber.sid@example.org','89666650214','5b8aa47fd1e429e19d0447905b442b3166ef0562','2019-12-16 21:22:28'),(17,'Maud','Kovacek','kaylah93@example.org','89481627255','225d34bf328eadcd083832d555e3fba2253e7d25','2019-08-16 15:19:01'),(18,'Treva','Hettinger','micaela.green@example.com','89358379383','b5df45925be41d555db72bdfceeb9238c2fddfcc','2020-10-15 21:52:50'),(19,'Adolph','Buckridge','gfeest@example.net','89758072702','eb993a5b09bf844fdccd77b47bbba9431f16fc87','2016-02-04 11:05:48'),(20,'Johan','Schoen','bednar.dejon@example.org','89688197468','1765a5ebe231ed90ac4b43f4be517fdc083d91cf','2013-02-18 06:07:53'),(21,'Antwan','Feeney','ken.predovic@example.com','89218480836','8e84a4a2f057198136f547d3389bf8c4d7b90ef4','2009-07-04 08:02:47'),(22,'Jimmie','Schuppe','hwelch@example.net','89882182084','add35d6325891cfeda64d2f3c4926ed2bd3f22ef','2020-10-17 20:56:18'),(23,'Treva','Barton','ona81@example.net','89125889855','037628e0bdaee9e1f833a17b1bda7c040ce2663a','2015-01-01 19:25:58'),(24,'Marquise','Schuppe','ivy.morissette@example.org','89425436958','52cf9bcdad633640c8bcffd2c5e18a7ea5f86e7c','2008-08-17 06:01:31'),(25,'Jaydon','Conn','waters.mariah@example.com','89237060718','74b3d57600bd36086ff3792773d0107245a820f0','2009-10-28 08:33:05'),(26,'Maymie','Wisozk','kschultz@example.com','89329971911','88f43c0d7e0feb6d5e9a30d1626dc725f6f80212','2015-05-08 20:52:13'),(27,'Jimmie','Corkery','arianna.tillman@example.com','89781761068','04ca2f6f40a89d99ac2b8969e84aa81b6a33336e','2018-04-11 09:54:28'),(28,'Dedric','Emmerich','marlen.west@example.net','89824222288','efdd4e8e420e4fc1e792af0cde766f8ba61dd032','2009-02-09 01:24:18'),(29,'Adrian','Bechtelar','kale91@example.org','89258666355','05d855f1c0c0cd7f13f71fbed4d1333a6b042423','2009-05-02 03:41:21'),(30,'Abbey','Okuneva','kaylin.dach@example.org','89765558955','e77fba8042bbd30004c9ba3f29fbecc2b6301a25','2019-04-27 00:37:16'),(31,'Estefania','Hirthe','bernardo.rau@example.com','89757585600','9a14c22ced002fb24354065cdf3530b66c6b6f2f','2017-11-10 19:21:39'),(32,'Rosetta','Ankunding','marty09@example.org','89362007834','60e1ac6cf1ff0ae5b29b9552b71b320c9e1dae48','2015-11-21 00:22:23'),(33,'Clay','Labadie','franecki.selina@example.org','89463830646','fb28f6e41cda435be4dd6c4fe3915c91d3ea5790','2012-05-26 01:52:26'),(34,'Jeanette','Green','edward.goldner@example.net','89864575198','f7b7b589c2303a9b5afb66ad34a06746c884eefd','2020-04-24 01:55:49'),(35,'Muhammad','Ward','tremaine95@example.com','89280840116','06fbd45cd321bd98f34f3461cb659fb1124842fd','2007-10-22 10:04:54'),(36,'Wiley','Grady','bailey.austyn@example.org','89503363789','1a999f6a4d9a5d2730c5c48d281ec21a900aaf2a','2012-08-06 21:16:04'),(37,'Margaretta','VonRueden','ostanton@example.com','89653574027','c0ae7bf17c0206fac16f2b48881e39498984e7f5','2017-08-05 05:30:28'),(38,'Jameson','Koss','martin29@example.com','89750559264','e6abb7ea1c247a6629dc72a2eab5b1d7e42ab728','2014-01-11 23:21:12'),(39,'Nicholaus','Huels','o\'hara.janice@example.org','89269558308','f6b7f658b1134b0fb8033cc71cfcc042b9ad3796','2011-12-20 05:23:27'),(40,'Missouri','Tromp','watsica.maximillian@example.net','89096888755','e1ad19edca2caa10ca77c38fd27022cf558ab5b3','2014-07-06 11:23:23'),(41,'Else','Aufderhar','graham.ruth@example.net','89855306338','64fe67fc32a5e303b7d62245b34587aa585a0edd','2016-08-11 06:46:40'),(42,'Norma','Will','morar.cordie@example.net','89536618336','9bb8d22ea4b97970fff5bdcf00f469392180168b','2009-08-26 20:21:09'),(43,'Craig','Schaefer','farrell.judson@example.com','89085024821','983ecd60d230f9e76ada54fc19b71087c7fcead4','2014-10-01 07:03:06'),(44,'Braden','Weissnat','nyasia.d\'amore@example.net','89259469889','cf8710d0c3ca7ba689d088ffb9a4278a0cb98a24','2011-04-04 06:34:27'),(45,'Janice','Grant','mschaden@example.net','89493343314','0935dca520bdd1a75d4fc7e94da51d798383c777','2019-12-30 17:58:46'),(46,'Adah','Wiza','garland.mccullough@example.org','89838531337','1582af5d769c6141a6977b38004a354324e2069e','2018-11-20 13:46:37'),(47,'Gaston','Jast','jerrod55@example.com','89152218262','e3a2640445683b27b8bb3ab24f3fe23836713b35','2017-09-29 21:36:32'),(48,'Margarete','Huel','lcummings@example.net','89708127154','f570b9508e647fc59f56f8feed7af4898e2d5c0a','2010-02-26 18:22:45'),(49,'Carter','Rosenbaum','rempel.lenna@example.net','89663986663','297a6b6c83f3e1cafc46913ae47b9e380fa7e477','2011-10-30 00:31:14'),(50,'Garrison','Rosenbaum','leora.conroy@example.net','89716917552','da4a88d2fa15fe2f00b23ed108ea273e03d4150b','2018-07-09 02:15:50'),(51,'Libbie','Douglas','bosco.renee@example.org','89587127999','1ad6ebab31cb7ca4da5b7fd295e04016b84ac051','2017-12-08 22:49:07'),(52,'Jesse','Braun','schaefer.fabian@example.com','89437680838','d405d1681a5bb94828707fd93279baa92fc5979c','2011-09-13 17:32:05'),(53,'Charlene','Tillman','hwilliamson@example.com','89070011823','7cbefdf6e904dc9f9cce44a51dcda991660ab137','2017-06-06 21:47:23'),(54,'Daphnee','Harris','arlie36@example.org','89712502319','150f5302b618c734f5624f371f82e81086749e7e','2013-08-08 16:32:08'),(55,'Kaelyn','Kovacek','glarkin@example.net','89437406643','3bfa5abf7c99e78258637ecf2f60ced0e2701bef','2013-02-03 14:23:57'),(56,'Lisandro','Bode','zgerlach@example.com','89351026098','b48cde879afbee0e00a52cdce3092caa5099d010','2019-10-12 09:48:31'),(57,'Kari','Marvin','merdman@example.net','89798984550','7dcc61e873fcbe208c460235593c5780a9d93dcc','2020-09-28 19:49:59'),(58,'Newton','Feest','wiegand.carli@example.org','89211573157','78f9af1042747464daffc550be146e07909bee4c','2016-01-27 17:19:40'),(59,'Davonte','Schroeder','romaine.leuschke@example.org','89510377802','47cd58f57a84c7ca969463a817bec72a8c44004b','2017-07-06 04:49:43'),(60,'Louie','Cummerata','lkoepp@example.com','89164348546','1d3f196192b5e6119e14f619afb52836520b75ef','2017-10-15 12:00:36'),(61,'Lesley','Hudson','srunolfsson@example.org','89338098370','7df7d2e91d66e6d9c58e821488de74e5c282406a','2015-07-14 11:31:13'),(62,'Tressie','Ankunding','kutch.kianna@example.org','89162333313','f1efe6d3276da9a2eb21a0fd4b5ebf126729f4f8','2010-11-26 12:57:53'),(63,'Anna','West','rita90@example.com','89939302260','b6cb5ca76459194a9ce87c1680ef9e425be2b26e','2012-07-04 08:04:01'),(64,'Amber','Sporer','rebeca10@example.net','89886941843','4f30f40ff70c1825bf5ee94e85fe86735ce3d0f5','2009-07-26 18:18:57'),(65,'Abigail','Rau','mmcglynn@example.net','89671861715','760fd388efdcf9fdd16aa7ebf84c655bfeb53c98','2008-12-06 21:50:30'),(66,'Jeremy','Towne','maegan30@example.com','89958772547','a1c8202316321cf016a087b584b9d6e07c2e03da','2014-02-11 12:53:59'),(67,'Alessia','Larkin','jeffery06@example.org','89348391288','f5f803e3ee16eadcfae0001d5ffd0d548f2b9041','2008-07-02 23:06:06'),(68,'Howell','Schultz','wehner.arthur@example.com','89518856512','e6c10f7b27212ca162ff86ffb525741086de6e28','2010-08-07 00:04:07'),(69,'Adonis','Ritchie','trevor74@example.org','89664992093','fee330dbca84dded6c30845a7229aa4c26c84d8e','2015-07-18 05:31:31'),(70,'Lois','Armstrong','skye35@example.net','89209912281','2e55dcc3f97818bf732deac60bb43b5d71b93b95','2017-09-21 11:42:32'),(71,'Hadley','West','selena.blick@example.net','89324885972','020843f4eb04db8178789f51dba6ecf734fe674e','2019-06-01 20:57:37'),(72,'Brenna','Gottlieb','jillian.torp@example.com','89671998565','79e04729b011006b9358c6e6f0d523bbb25db3f7','2018-04-12 14:15:03'),(73,'Edna','Ankunding','mills.angelica@example.com','89058622201','4e12a97b249fa7cf3dff883e4598ec24433f9c1a','2019-07-06 21:08:41'),(74,'Hailie','Gusikowski','leuschke.kenya@example.net','89679496318','a49278fd88d48dd168f16c18314559baf1454cbf','2021-02-05 16:22:48'),(75,'Maegan','Corkery','frami.ford@example.net','89307455499','1106dbaae35dd36f1227cf77d62a79358c279a6e','2017-09-20 02:18:53'),(76,'Ricardo','Kassulke','fziemann@example.org','89094769847','b7931bede0652eb0cd7a709696201b2cfbddd759','2014-07-15 20:42:07'),(77,'Adolph','Nienow','hpacocha@example.com','89313424264','00b7bc4f57305c6b56ee45aa66b3abb43a6510a0','2019-07-10 05:58:54'),(78,'Estevan','Bailey','elias.hessel@example.org','89046655795','2cebe84e35ac332e17557c8b7369e87a6e09dded','2015-03-31 12:43:17'),(79,'Estevan','Borer','bogisich.danyka@example.com','89751248086','db64219003faad914b8a733831abb0d66f0aef4a','2011-04-12 00:53:10'),(80,'Kamille','Schamberger','satterfield.amely@example.org','89361411493','27608420796f00db2e24cdb1726b6457feea5810','2016-01-22 21:48:16'),(81,'Tina','Ondricka','hahn.sincere@example.org','89189484134','1625f38ff61843c4400db090ffa498c1b4ccd6e9','2010-10-27 04:03:29'),(82,'Arch','Walter','novella07@example.net','89264250132','07215bc1b71b4545c3d3f8b398114e30f7aef91b','2007-06-03 00:14:13'),(83,'Marcella','Kub','bgrimes@example.org','89605986271','c4bf081b96390656b6c6efb5cc4231262dc84d02','2010-04-09 17:21:12'),(84,'Ryleigh','Jones','smarks@example.com','89330505404','5af107db4110b97a75e848a69e8f50dbf835daf9','2010-04-16 04:06:29'),(85,'Delores','Lowe','keith.koepp@example.com','89550258333','2e9f407973fe73057f3addcb92f041bcfc55f5a8','2021-02-25 23:17:29'),(86,'Natalie','Stroman','moen.jaiden@example.org','89512531476','271b1b512e022892cc383e115a951f9f0a1e2b55','2018-04-09 13:29:57'),(87,'Maureen','Gleason','bkemmer@example.org','89477771976','7409c5e1f7b9b0b59f9ad8d384b076883ef7f2a3','2008-07-13 23:45:36'),(88,'Simeon','Cormier','werner54@example.org','89792044914','7fe6ec5b6d5b735844d628bc42b042ea6fe6d99a','2013-08-03 14:38:21'),(89,'Jay','Carroll','doris.cassin@example.net','89845433027','73674cb7e664990b5ee135d448ebcad7b3689e1f','2018-09-05 22:45:23'),(90,'Brant','Lynch','fritsch.elda@example.net','89069223853','33a7f75e97a5f778c1561b38413e52871ecf70c2','2019-11-04 12:07:14'),(91,'Danielle','Goyette','zgoldner@example.net','89033173393','9456ec71c007ef971a32a08821d6e09ca0d9e1b8','2016-09-09 04:13:55'),(92,'Jamey','Rippin','wziemann@example.net','89175699843','da74f605d4803af2c5717f7bd0e99a6c7c1a6064','2012-07-14 02:03:05'),(93,'Magdalena','Collins','borer.lew@example.net','89926801459','1d398fc7af8efa3a6d8d306b2857f5b8711c008d','2016-03-26 16:07:53'),(94,'Stone','Thiel','adalberto22@example.com','89369965915','49cd5dcd27d3539c734660dab345d2d35400c760','2015-10-25 20:00:18'),(95,'Royal','Weber','aturcotte@example.org','89325567612','2da19dd845ba8bbe337789fdf114fa332d0592fd','2013-09-26 01:20:28'),(96,'Angeline','Pfeffer','runolfsdottir.chloe@example.net','89789708453','3f7ddfd0921a0773c36032072b05d7562f2aa1c1','2008-10-04 03:22:02'),(97,'Mallie','Dicki','agnes.runolfsdottir@example.org','89713346250','e30dd724304f08820e5ec609d4ebb0f6c600465d','2011-11-21 17:11:34'),(98,'Prince','Kerluke','esta.bahringer@example.com','89770931550','46d06d64c08c1f523070b46cb009b774d4d26c49','2014-11-04 04:12:32'),(99,'Alena','Oberbrunner','xander92@example.com','89454608175','4d15754480d43acaa47e33fe17c6c7e5d5cea55c','2017-04-21 07:05:59'),(100,'Skylar','Flatley','reichel.lue@example.net','89177827685','780457b57a557826699571dc37ee420ef3a22a5e','2019-11-16 18:51:09');
/*!40000 ALTER TABLE `users` ENABLE KEYS */;
UNLOCK TABLES;
/*!40103 SET TIME_ZONE=@OLD_TIME_ZONE */;

/*!40101 SET SQL_MODE=@OLD_SQL_MODE */;
/*!40014 SET FOREIGN_KEY_CHECKS=@OLD_FOREIGN_KEY_CHECKS */;
/*!40014 SET UNIQUE_CHECKS=@OLD_UNIQUE_CHECKS */;
/*!40101 SET CHARACTER_SET_CLIENT=@OLD_CHARACTER_SET_CLIENT */;
/*!40101 SET CHARACTER_SET_RESULTS=@OLD_CHARACTER_SET_RESULTS */;
/*!40101 SET COLLATION_CONNECTION=@OLD_COLLATION_CONNECTION */;
/*!40111 SET SQL_NOTES=@OLD_SQL_NOTES */;

-- Dump completed on 2021-04-07 15:12:53

--        ( name  media_types),      3   (,  "", "", ...).

UPDATE `media_types` SET name = 'image' WHERE id = 1;
UPDATE `media_types` SET name = 'video' WHERE id = 2;
UPDATE `media_types` SET name = 'document' WHERE id = 3;
UPDATE `media_types` SET name = 'audio' WHERE id = 4;


